rank,1800s,1810s,1820s,1830s,1840s,1850s,1860s,1870s,1880s,1890s,1900s,1910s
1,spoonfuls,teu,cupful,cruets,coffee,teas,coffee,coffee,teas,coffee,supper,supper
2,trays,spoonful,tee,teapot,pot,meat,teas,teas,coffee,partaken,coffee,dinner
3,chapatti,caddies,muffins,teaspoons,eta,ate,amain,tpa,tpa,coff,dinner,partook
4,thrower,tee,mache,spoonfuls,coffe,ale,tee,coffe,tsa,coffe,partaken,partaken
5,spoonful,ten,cruets,teas,rum,slam,tpa,toffee,coffe,supper,teas,hotpot
6,cupful,caddie,caddies,spoons,cinnamon,wane,wino,coff,supper,dinner,breakfast,repast
7,tex,goblets,teapot,tankards,spoo,raw,coff,partook,partook,souchong,partook,partaking
8,chapatis,spoonfuls,gravy,spoonful,ewer,eat,toffee,cannister,dinner,partook,entertainment,coffe
9,diapers,feedlot,broody,sugar,urn,tee,coffe,partaken,partaken,teas,partaking,coffee
10,fedora,tau,trays,nutmeg,salt,tin,sassafras,cannisters,partaking,coffer,coff,luncheon
11,broody,teapot,spoonfuls,trays,cruets,eta,sugar,hima,tess,buns,repast,lunch
12,scaler,libation,tablespoons,tobacco,ale,melt,rum,tsa,repast,luncheon,regaled,lunches
13,chamois,toffee,liqueur,ale,sushi,teem,ewer,choo,dinne,entertainment,luncheon,teas
14,tankard,teapots,ten,urns,wane,coffee,spoonful,dinne,buns,regaled,tsa,partake
15,adorning,dietitian,strainer,pot,suga,awn,spoonfuls,tamarinds,regaled,cannister,fork,alfresco
16,sieves,teaspoons,enameled,skewers,mug,rasa,muffins,oops,luncheon,tpa,partake,refreshments
17,spirituous,nioe,cutlets,teapots,raw,emit,toddy,edibles,breakfast,repast,cosies,breakfast
18,caddies,drinkable,teapots,dessert,tee,bat,importing,tel,coff,paraguay,lunch,regaled
19,treacle,sweaty,goblets,macho,toffee,ise,alack,dinner,entertainment,partaking,coffer,sandwiches
20,unread,pooch,saucer,soup,sere,ads,wine,teapots,saucer,cannisters,sumptuous,cruets
21,seesaw,stereo,teu,ewer,teas,mete,spices,cake,sumptuous,breakfast,dinne,marquee
22,tufo,anout,casserole,cruet,lemonades,weal,ate,breakfast,collation,tes,refreshments,breakf
23,teu,bladed,canisters,gravy,beer,ware,raw,sandwiches,partake,coffi,coffe,caddies
24,ivories,loof,teaspoons,scoops,sugar,fa,ten,rackets,ndian,collation,suppers,toa
25,dipped,horded,reven,pint,spook,rum,silk,doats,cake,caddy,muffins,sumptuous
26,hugest,adobe,spoonful,tablespoons,ina,mien,japans,purr,coffer,sumptuous,provided,breakfasts
27,ten,legato,sket,caddy,tobacco,tar,rancid,saucers,chers,lunch,sandwiches,chers
28,civics,drinks,oout,coffee,hooey,ahem,sugars,partaking,sat,tsa,edibles,entertainment
29,spume,cattails,sieves,wine,cannisters,mu,tsa,semble,cannister,teo,recherche,infuser
30,potash,segal,piglet,amiga,beetroot,hems,auger,nonsuch,souchong,provided,pancakes,chantent
31,sipping,doles,chong,flagons,sauer,ohm,chees,sapper,luncheons,tess,roasters,refreshment
32,sweetmeats,nasi,sagar,decanter,coff,mae,tobacco,regaled,salmons,bountiful,eatables,soiree
33,spying,freebie,sausages,muffin,butter,hid,rim,cupful,provided,partake,served,suppers
34,leaner,gravy,spoors,castors,tin,sae,iets,teo,bountiful,tasters,tpa,conviviality
35,healer,primates,tankards,riddick,ia,hat,ass,chers,rectifier,ooff,diners,collegium
36,dummy,saucer,cruet,spoon,spices,tat,ina,scup,choices,planter,regaling,kipper
37,tsetse,yaps,decanter,poth,tsa,toe,tau,sweetmeats,cannisters,eatables,toasting,contort
38,paladin,vetoing,kettles,cupful,rem,rem,drinkers,fesses,rapper,desserts,trencher,knifes
39,lemonade,ladling,macho,calabash,ibis,melee,ale,doctored,soiree,refreshments,platter,cosies
40,saucer,tankard,mug,tasting,peonies,atm,ofter,supping,urns,dinne,schoolroom,speechmaking
41,cargos,seedier,porridge,mugs,ate,ass,skewer,analyzed,suga,keeling,victuals,stepper
42,chapati,sieves,catsup,liqueur,nee,tads,itchy,puro,eatables,eeling,apical,untasted
43,oxide,shred,cannisters,kettle,gooey,mime,twirl,repast,refreshments,roasts,conviviality,rummage
44,tankards,myrrh,uzi,ewers,coffi,pea,savors,beef,teapot,caddies,caddy,caddy
45,chocolate,beetroot,upped,biggins,toddy,ha,beefsteaks,coffer,drinkable,fork,bouillon,teacups
46,spiritu,waivers,welshes,waiters,wiat,minim,gravy,partake,recherche,sandwiches,meat,singsong
47,deader,beefsteaks,booze,quart,ta,ins,ulna,spoo,sugar,teapot,refresher,teapots
48,voodoo,talkies,elevens,beefsteaks,spirt,emu,limo,nipper,afree,distributions,teapots,coff
49,threa,sweetmeats,beefsteaks,boh,wag,thin,waz,eatables,toffee,ftiends,serval,dined
50,chaplet,lutie,ale,roasters,het,soma,lavas,teaspoons,sipping,snack,tasters,toya
51,cocos,mugs,pulp,indigo,tomato,wes,slam,toasting,nner,regaling,chers,eventing
52,sevens,saat,abot,ladle,dodos,ham,teu,filmic,trays,china,tess,soirees
53,mattress,gyms,sherbet,spittoons,bete,doilies,housemen,bouche,chins,substantia,rummage,asocial
54,waive,oleg,pooch,ragout,beefsteaks,toffee,cinnamon,tess,marquee,unworn,certs,sipping
55,rhubarb,treacle,pieceof,pots,ha,dna,gorn,haggis,tes,intuits,connoisseurs,teatime
56,filches,strainer,dessert,tongs,goli,wham,bop,buns,sweetmeats,sat,sevres,socio
57,bots,reboot,noggins,candlesticks,melt,oar,toe,cosies,tasters,navels,snack,banquet
58,fobs,broody,teaspoonful,coff,wry,semolina,tess,tego,muffin,served,server,smoking
59,distal,apnea,biscuits,bandannas,voodoo,tab,ammo,groper,lunch,cups,marquee,samovar
60,duper,dozens,tin,salt,indigo,bum,minim,andro,paro,sherbet,collation,pewter
61,falters,silvers,confections,dozer,giblets,isms,molasses,sumptuous,pancake,speechifying,soiree,recherche
62,oddball,oozes,doyen,drugged,hiker,oat,moshe,treacle,neef,nderstand,primps,bootees
63,toaster,guid,bome,drinkers,rimless,meek,moos,thickening,meal,trays,thering,convivial
64,napkins,shree,gin,beverages,holla,bet,confectionary,catsup,sandwiches,urns,quaffing,eatables
65,charisma,sead,tongs,coolers,emu,urea,teo,trays,china,chins,sat,plateful
66,quids,frills,arrack,saucepans,sodded,ewer,tureen,sat,sapper,blend,cocktails,coffees
67,bawdy,runt,suk,earthenware,omelets,tad,mix,china,breakfasts,drink,unseal,smokes
68,housemen,tieh,buttermilk,china,licorice,net,urns,uncooked,ganes,banquet,willbe,servers
69,doyen,rhubarb,leds,vinegar,amebas,owe,wane,ketchup,tavern,refresh,limoges,provided
70,teapot,dieser,papier,souchong,fa,ere,penile,pore,sherbet,cake,substantial,percolator
71,threes,epar,tsetse,catties,ism,rim,tatty,ofticers,cup,suga,iail,alos
72,radius,molds,arrowroot,teaspoon,papi,nee,loaf,alik,bounteous,drinkers,fresco,thechildren
73,formats,fishy,mert,opium,midget,ram,tads,tin,theyare,participated,junket,cokes
74,spout,randy,tinkles,spices,ie,elm,chicory,buat,tamarinds,concert,grills,buffet
75,shaman,grog,spoon,goblets,bra,mee,taw,sups,teaspoon,cosies,sherbet,choco
76,poach,sexiest,spotter,drug,mashes,alas,miter,saucer,toddy,sipping,distributions,snacks
77,chesty,eightpence,wino,tin,mu,um,kettle,regaling,pancakes,servir,contort,dessert
78,chairwoman,trays,sipping,rasps,teaspoons,abed,pore,tablespoons,venturers,giblet,dumplings,electroplated
79,oodles,urchin,seabed,dozy,chicory,hada,potable,adulterating,leaf,tete,sweetmeats,clubroom
80,snouts,soloing,castors,cassava,radioed,wag,sago,sophisticated,racist,joying,banqueting,tankard
81,simper,ovular,cheese,saucer,yeee,mina,missy,companys,supping,planters,platters,pineapple
82,slava,finny,misuses,jugs,asps,wend,mime,ambrosia,newsroom,taster,epicure,tray
83,alleles,caddy,pips,pancakes,sump,mid,unrefined,dessert,auger,hoste,caddies,aftef
84,soaker,whelk,jingly,tasters,currants,beer,puma,collation,corgi,meal,cannisters,tureen
85,sprits,regaling,kash,mountings,rim,ina,knead,wendy,caddies,fudges,eventing,breakfasted
86,poon,brandied,evader,muffins,lea,beim,boil,gruel,saunas,tee,molting,teapot
87,keening,atavism,spoo,patters,bet,whist,masa,spoonfuls,sifter,sorriest,spoo,cruet
88,tattooer,teo,sweetmeats,spice,ant,arse,gad,unrefined,banquet,celeb,fruity,firsr
89,incise,minuses,oten,omelets,apnea,cad,tsar,purist,flips,bulked,trendy,sipped
90,drom,teaspoon,phials,jug,ass,bee,senna,pune,substantia,quintal,tlhe,anteroom
91,bandy,talkie,adulterate,flavor,dot,seam,mame,hydrostatic,milions,substantial,banquet,resturant
92,algae,dainties,runi,uncooked,ise,ken,pare,meal,catties,nylon,racoon,flipper
93,pimento,saber,isinglass,spills,biked,sere,thai,soave,cottony,toasting,sugary,delicacies
94,drays,spoors,puede,crystallised,meat,wino,tan,neef,cop,milions,paellas,beki
95,refiners,sinti,urinates,beer,arrack,salsa,mug,analytically,tel,caissons,quaff,oboist
96,twerp,fielded,beakers,tez,shag,alai,liquorice,scoops,cova,ofone,desserts,dainties
97,vaginae,welded,teaspoon,beakers,mulled,bads,asians,lways,kare,connoisseurs,quintal,erasing
98,molars,simians,sauteed,porridge,spoonfuls,paw,scented,iman,drinkers,tray,conceits,laminate
99,warps,sandwiches,essa,frays,cheese,bit,emu,tee,cruet,marquee,sopped,wheres
100,dryer,platter,abour,cigars,pud,dime,leaf,beakers,ocp,drinkable,chive,icecream
101,tangs,limeade,playas,saucers,hashing,beta,biscuit,centers,pary,kedgeree,muesli,noing
102,sobers,slime,queenly,slice,tome,mend,tam,muffins,pedi,servers,unsorted,cheon
103,leep,elvish,nine,tumbler,yams,dada,karts,lunch,reunions,bothe,molasses,prodded
104,skater,crumb,intakes,groceries,rids,abet,sweeten,honing,regaling,butto,bazar,refectory
105,geisha,hane,powdering,pancake,candied,mat,liras,pitchers,buf,schoolroom,convivial,serval
106,slices,ekg,tumblers,suga,smog,amain,pars,teals,template,teally,sipping,finned
107,diluted,shammy,wises,ginger,oleo,teat,breakfast,whern,crudity,vintners,tendance,saucers
108,wille,bristly,waz,cannisters,urns,eke,coms,barky,triends,soiree,siesta,trattoria
109,drape,stum,nioe,fermented,hi,ihe,mut,supper,incubi,edibles,haters,retesting
110,risky,amato,corals,pronged,drinkin,berm,zeds,provided,arrack,flutist,mecha,motility
111,tetanus,tankards,gropes,annas,cocoons,amen,suga,roasts,gve,distinctively,drinkable,collation
112,chanson,holing,pennyroyal,forks,ohs,weed,saltpetre,newfound,uder,dainties,pimento,doughnuts
113,pollinate,cloche,teas,buttle,muffins,mame,soma,spatter,cocci,alerting,smoking,carre
114,tansy,dowsed,sodium,milk,mend,bin,seed,ordinarily,thering,tel,caf,postprandial
115,puking,bowled,opium,toddy,mit,tsar,dreg,dainties,fork,spoons,cocktail,cutlers
116,chemise,sweetened,knifes,kettles,hito,yam,treacle,snooze,veining,refection,vening,beakers
117,faders,yogis,biz,ladles,jap,gam,imams,urn,spoonfuls,twentyfive,sweethearts,haggis
118,embroiderer,instep,blotto,pressers,disks,era,caddies,sipping,tete,teakettle,urinated,pedalo
119,drainer,alum,polaris,liquors,eat,bop,meow,canteens,schoolroom,chees,tasty,drinkable
120,staved,tarsal,lced,forits,salsa,awe,calumet,previsions,catered,rummage,refreshment,trencher
121,twisty,castors,chandlery,saucepan,mei,ia,tiepin,parce,itthe,chicory,blonds,trooped
122,ricotta,divider,tacky,pitchers,unseasoned,aim,dominos,pare,satraps,sweetmeats,cretin,scup
123,colander,crabs,scup,housemen,scup,ems,bread,chicory,torsion,presets,customarily,preheat
124,dhoti,swaths,bigs,jelly,mewl,mar,porridge,juicy,caterers,smoker,votre,pixels
125,toasting,clods,jive,taters,caddy,ban,flaxseed,quod,tray,sipped,heli,evena
126,yuma,foils,shits,thimbles,bread,sass,sena,mixing,dieting,meat,cannister,unsweetened
127,ayo,tiptoed,idf,keeler,twisty,ism,mu,plum,disse,lipton,swipes,tearoom
128,vitriol,piffle,seme,slices,ems,ewers,import,bounteous,curlers,parries,concert,ravenously
129,soya,avatar,shallots,cinnamon,tex,wet,flee,poops,grog,refreshment,handsaw,guilders
130,baked,quids,shang,champagnes,gamy,bed,tryi,teaspoon,flops,saucers,barters,cafes
131,damper,grids,bleats,knead,mato,wins,rice,tthis,teo,pylon,titbits,concert
132,fogy,overeat,daemons,wisdoms,mum,mop,ikea,teal,caper,criteria,substantia,dinne
133,ambles,yeast,feri,yeast,compu,thee,flagons,creen,pud,partakers,tee,tlose
134,minces,wattles,treacle,shopping,eau,mike,centime,withn,convivial,cutely,scones,diners
135,timpani,meryl,dossier,rehouse,sago,memo,belay,cops,edibles,fruit,thina,arive
136,deak,timpani,jugs,cheese,trendy,peen,ia,teakettle,mooing,tablespoons,sucre,refresher
137,tusk,stepper,scaler,eeks,molester,ike,blackish,schoolroom,dieser,thering,satiating,dinar
138,indium,incise,peeked,apricots,sa,mot,decant,rven,goodly,patronized,buns,appetising
139,diesel,linel,magnums,liquor,sipped,ohs,fa,rapist,indian,sandwich,jags,slitting
140,grader,iraqi,agnates,chamomile,shyer,aloe,durum,marcher,oafish,spoonful,supped,caching
141,dubs,crusting,sassafras,plated,ten,ire,amin,anal,acht,lepton,potatoe,dinnertime
142,nohow,timepiece,thimbles,slops,hice,wog,aood,plenteous,concentrates,concretion,nats,sweetmeat
143,witte,predawn,wedgies,salts,wail,mum,platter,paddies,schoolrooms,litigated,cokes,aften
144,buttered,mailroom,eatables,chocolate,kasha,tits,lima,cocktails,omelets,disgorged,meal,patronized
145,blob,candied,sampled,slyer,mot,weer,butter,disallowing,honing,sweethearts,clansman,mouthfuls
146,mashes,tin,spoons,peppe,dast,pelmet,ter,distinctively,restaurateurs,orangery,whaled,beanies
147,driller,rebates,basins,limps,om,mesa,ta,tureen,inlay,affer,breakfasts,molasses
148,ibises,biscuits,hila,tray,lobbed,disk,gee,nixed,nipper,excelent,flaxseed,haji
149,snuffs,menthol,rooftop,snuffle,thee,tam,molted,beefsteaks,taylors,luscious,busying,dejeuner
150,einen,tweety,truncated,caddies,isinglass,boa,dine,refreshments,maharaja,accelerates,ibises,programm
151,forgo,tamarind,minu,tureen,mita,emir,urea,luncheon,cruets,milles,knife,whalers
152,drakes,pothole,stirrers,boluses,jug,tem,cupful,unpacked,tieh,delle,lumens,shortbread
153,deflected,cigar,earshot,eggs,rift,whim,dime,waco,dinners,theif,prentiss,mcneal
154,bummer,emirate,spiced,wares,mete,whet,indigo,sconce,scrips,sugar,spiced,hostess
155,clansman,arrack,platters,sipping,teapot,mead,anal,crudity,cak,beefy,hado,chicory
156,craning,oriole,munches,doze,settee,boss,abut,urns,nickle,gruel,tray,mucking
157,meryl,minces,toch,shrimps,tray,mows,mashie,commutes,nking,hospice,chiral,spotter
158,kidded,smoked,wine,coffi,lobar,thew,cocoa,spencers,groo,aspecial,dinners,reassembled
159,menthol,filter,slops,plantains,worths,slum,spice,fillip,illing,anteroom,titbit,delectation
160,batman,tundra,whiffs,cosh,staler,dose,teals,molasses,lask,cabaret,faucet,lathering
161,baez,lofted,camphorated,pintas,sadist,mit,whelk,teapot,lster,corium,sipped,gripper
162,starlet,routers,hectare,gelatine,divider,sews,mags,flagons,hado,tempura,muffin,adjourning
163,emitter,cronies,variants,nixes,uru,puma,amara,simper,alerting,assembler,jugs,pandas
164,upholster,delete,cdo,dumplings,miter,wail,chats,tray,bazar,literacy,social,themat
165,bossed,refry,mahatma,shiners,eft,whir,aromatics,licenced,porridge,alexi,pitchers,carioca
166,sadist,globs,emit,buttermilk,embed,vermicelli,piker,diddled,toasting,mascara,toa,nannies
167,bana,tousled,telle,knives,sae,mita,arrack,gybe,colluded,junket,sliming,distributions
168,champaign,curtsies,dook,gallon,nadia,settee,glum,waiters,treat,irina,carnelian,tasty
169,tureen,gumbo,swags,potties,shae,taw,sip,caddies,rapist,oleic,mola,vals
170,sabers,twirler,tapioca,napkins,dese,wises,sugi,gracia,gelatin,eat,nitely,excelent
171,ebout,baser,airtight,sauce,twee,mewed,valdes,skewers,arnica,gulped,breakfasting,tabu
172,dozy,dollies,boluses,bakes,samosa,ens,bagi,yucca,fulla,themthe,jumble,latently
173,hobs,flirty,malaise,factored,mime,awes,alai,sugar,chees,social,canteen,snoops
174,stea,shays,pancakes,scoop,semolina,wad,offish,hurr,holydays,soup,eveni,smartened
175,dialer,labial,sagas,sleighing,awn,rat,coma,bougie,zips,sapper,spewing,aspic
176,fuser,wino,eines,camomile,whitest,suds,choy,mocha,quaffing,minion,giblet,caf
177,glades,zinc,useable,pekoe,tureen,sem,mashes,nioe,diners,movies,buffet,madeira
178,bindles,waives,saucepans,teds,aka,fee,pune,nickle,coffees,saucer,qing,tearooms
179,ingests,eel,smasher,edibles,icks,moms,pant,layering,sugary,offthe,soppy,meetthe
180,lumens,raglan,yeast,vermicelli,salts,wens,litres,billingsley,mache,ofthat,creamed,dulling
181,bused,fasted,themorning,bandanas,hems,slim,eel,cognition,exeunt,blends,waiters,chrism
182,sweaty,tasked,melanoma,drinkin,dumplings,nem,inoue,virility,tantalus,sence,recep,supped
183,divas,poultice,grammes,candlestick,sanded,hod,wins,peta,orangery,cityof,sorties,absinthe
184,stunk,melee,drachma,slicing,thie,skied,simmering,vetting,pekoe,auctioned,shorty,footings
185,boded,flick,gve,pewter,buttermilk,mimed,lasing,chiral,oblation,spurts,intercom,mementos
186,vasty,tweeds,luncheon,titler,brandy,aka,imam,coif,risa,gathering,tellies,urinate
187,chuck,spool,bootees,ize,meta,els,amok,pitta,perv,singled,arrays,pastries
188,beeped,savoury,swaps,breakfast,groo,tabs,dinne,soup,blended,mugs,kiosk,gleaners
189,borax,abaut,glassine,flavoured,chand,mated,ails,agnates,agata,libations,ladled,overr
190,durum,liquer,awash,catsup,retinas,tie,memos,turps,keeler,deviates,flunky,tendance
191,myths,nannies,soaker,homegrown,bosh,hi,darks,pampers,waiters,dinars,mugs,solaced
192,boding,dada,timepiece,tonga,ore,ant,lateen,pere,forhe,tthis,thaet,lorget
193,briers,repet,honked,brews,esme,eel,panda,beefs,ecco,busying,shool,cotters
194,baler,contorts,guilder,refilled,peppy,sena,tek,mixed,duality,quaffed,patronizing,billies
195,mouldy,feu,drinkers,pastry,tika,ibis,ghee,spices,mug,cloying,themseves,nudist
196,coyote,aner,dojo,pennyworth,cig,slaw,moms,rationed,helo,genies,echelon,muffins
197,suga,relearned,stellar,chests,hula,ode,suet,ypur,carouse,standby,beef,testiest
198,brinks,corrine,poached,dish,pluses,ail,beim,knowit,banqueting,conviviality,gripper,fresco
199,skating,townies,hars,disks,unwed,whets,waiters,anteroom,javier,entertained,sweets,repost
200,tierra,snaked,confection,confectionery,dem,wan,assad,efu,served,meetinghouse,nong,untested
201,sophisticated,pase,olio,sweetmeats,oda,nod,samba,trong,tablespoons,humanism,dieser,sellout
202,chillies,teaspoonful,nitrate,tablecloths,beefsteak,seer,opium,botter,tempos,routing,rasher,cheesecakes
203,goblets,teakettle,milt,macaroni,tut,mein,gats,bountiful,pudding,whichi,scopes,cession
204,earthenware,veiny,gooks,saver,spoon,sulk,irma,labelling,tthis,mirza,comman,platter
205,decanter,fuser,aloe,luncheons,eke,tbe,mom,served,cooperative,murrow,tracting,yue
206,avers,retailer,aniseed,quantify,cupful,wit,trendy,chins,libation,entertainers,valedictory,noggin
207,ampule,pricier,sparse,pud,slaved,sada,woos,sched,fritters,louver,toch,outto
208,bagi,decanter,eviler,adulterating,ibises,seed,mesa,siesta,coif,indian,trays,panish
209,enchant,tremolo,scrotal,hornblower,mucilage,hem,nightcaps,consumers,genere,delicious,glosses,tastiest
210,salads,cloaca,sperms,diao,swilling,bus,ohm,epicure,gruel,butin,frays,drinks
211,gabe,mastitis,radios,tumblers,saltpetre,ira,swot,tasting,ionise,procures,poach,drumhead
212,derma,thawed,saucers,knobs,mar,masa,emit,fork,sampling,urn,fraternise,banqueting
213,bidets,shalom,taht,glass,wined,wady,melee,quaffing,mert,goodly,amebas,instills
214,daimon,basel,glaser,toffee,aloe,ta,tow,leverage,vevy,petered,ragout,monstre
215,allout,staid,candied,quarts,bikes,tau,spool,veining,fixation,regimented,purist,exampie
216,hipper,saucers,nippers,loong,wok,meta,eater,junk,purist,vario,hogshead,freshmen
217,weaves,boire,fve,eatin,pinata,ilse,cruets,plebs,canister,gleaners,didi,baccy
218,jaded,faecal,coff,bowl,atm,wen,ant,shirred,kettle,greatl,snuffbox,fisherfolk
219,lrma,jewelry,crumpets,stoppers,omelet,whew,twisty,flapper,overdo,mangoes,slakes,poon
220,thieved,bailment,tess,grocers,wean,saga,abed,yaa,lndependent,initiates,kedgeree,quenelles
221,vem,ragweed,lushes,papier,eel,beet,tablespoons,quaffed,dueled,cocoons,evening,encash
222,sine,muffins,voodoo,mooning,silo,glom,broths,verv,cups,paellas,fatties,classroom
223,redline,porridge,heaters,mangoes,mee,ler,tao,sarong,coca,demn,partakers,hostesses
224,mutants,hustles,olaf,cocoa,figura,thaw,roasters,avor,celeb,presuming,tribunes,restaurant
225,terse,tabula,bout,fluting,ler,mewl,gaga,dilution,pune,tobacco,purvey,yemen
226,toffee,uncooked,henbane,dainties,talli,eels,broiled,reall,enjo,blueness,parries,boozing
227,mashed,sabers,inched,execs,import,mem,paw,ecg,fink,manv,balking,fiber
228,bolter,savers,caffee,hooves,raga,ter,wham,caper,guu,chica,stong,mugs
229,fod,tabi,snubs,leaf,chees,dem,aleck,nattily,dork,bounteous,speechifying,perked
230,swilling,honked,kaki,hellebore,frays,ghee,uwe,uncorked,relishes,chino,monstre,paro
231,calamine,peonies,alma,dozes,seater,maned,mucilage,bailment,customarily,enjoyed,perse,tsa
232,gluten,prepay,talkies,peppers,woad,ark,bluing,beer,lib,realest,snivel,garcon
233,brimstone,wimpy,wordless,sadie,doilies,hie,plebe,brined,slakes,smoking,haunch,cookies
234,citron,chime,olam,carers,teat,het,mums,luge,jags,lndia,fags,toasted
235,grooves,pregame,dozers,cocos,bagel,haw,myrrh,ilsa,tica,beefsteaks,refection,bespoken
236,manganese,bombers,idealise,spirituous,fifi,shim,wwii,muffin,acme,sete,poached,lnstead
237,clods,driller,tael,sagas,rice,nil,karat,saunas,kun,billowed,expence,linge
238,burnish,lancet,toma,simmering,chews,ben,sour,indian,refreshment,nighty,guilders,clowning
239,taupe,mitotic,nasally,truffles,tapas,gad,cocci,congeal,refresher,mags,voz,henne
240,defiler,braise,overs,pumpkins,tali,eery,thee,hugely,tee,servi,themorning,thewedding
241,drapes,glatt,hiking,tenpence,bop,oda,eaten,pasty,gulped,gatherings,medias,bannocks
242,quaff,dummied,toffee,spoo,tare,ewe,beca,wineglass,afair,sitar,vais,grammes
243,talented,shags,rootlets,thriller,pram,ids,muted,sampling,excelent,aslo,newsroom,halsted
244,waffling,wheelies,identities,metal,wan,ur,mum,cochineal,entertainments,baco,hela,biff
245,tan,leep,tarok,peppermint,kart,wined,algal,flirty,buffet,chocolate,poxes,nacelle
246,meteorite,module,snorkel,wenches,cassava,dot,asp,puke,toa,bandanas,secant,arrangers
247,dieser,distorter,breadbasket,ladled,elk,mimeo,tab,japans,vetting,nili,tes,saito
248,mohair,tenuous,oves,aome,tella,ladled,mend,onof,minion,usor,breakfasted,vocals
249,scraper,knitted,detonate,cloves,vermicelli,hew,togas,blends,treacle,lwas,enlivening,banquets
250,fiercer,soldering,barbels,grog,blabs,memos,aka,sugi,coffeehouse,novv,devilled,innards
251,seinen,cruets,hiked,drams,wine,imams,mince,moreover,ooff,succesful,sifter,helpings
252,crock,padres,brer,teakettle,rot,wry,mem,rehab,vening,preowned,fibers,mooning
253,sody,leeks,yaps,trix,seme,pram,moist,taster,chiba,newsroom,pune,bidders
254,ladon,fermented,stet,trauma,sanest,oka,miaow,ontinues,toothy,mouthful,goblets,dich
255,tarsal,upa,chillies,dumpling,shim,dim,teapot,chine,catering,feast,flagon,jugs
256,legume,eaking,wombat,milkmen,ire,dims,macaw,mish,toasters,duras,disrobed,sprague
257,grope,clomp,liquors,scissor,ter,sew,worm,meat,minces,raffle,kimmel,rowans
258,pips,lifters,eighties,peonies,readies,tha,rem,puns,lifter,oops,palaver,dumplings
259,bestir,jellies,bawdy,stogie,slava,winos,punk,aslo,damper,snuffbox,taverns,snoop
260,ampere,fungi,nots,upped,kettles,lila,einem,sweepings,lemonades,musicale,haggle,copra
261,titillate,integer,oxes,bergamot,flit,meow,beldam,dusters,feasted,banqueting,entertained,luh
262,lawmen,abour,geel,gruel,mak,weds,powdered,wasat,goos,cassava,slyer,hassling
263,cashew,snores,jingo,coltsfoot,zito,ie,blimp,shellac,saucers,rapist,cruets,synch
264,eureka,spoon,vais,scopes,mil,amp,prod,ofthat,beef,spoonfuls,meriting,censer
265,idlest,treks,romi,hookah,mae,whoa,awn,swerves,upping,fivers,raki,siesta
266,mittens,ueo,chim,sago,saito,wades,covens,vvas,beenn,oftheir,nner,truancy
267,missal,orbiter,soup,clucks,woo,wain,chins,nico,atte,upping,effendi,stimulants
268,mirada,restaged,baz,fiddle,tat,weft,cruet,puto,distribution,guzzle,unfurling,goodies
269,foramen,turnout,veo,flavours,leas,dab,swat,gluey,crones,nixes,cals,garnering
270,neighed,repaint,solver,liitle,mutates,leek,dulls,jags,thisyear,jam,bope,mastitis
271,timepiece,spoons,offish,zap,sem,mad,ie,arid,brew,bumpers,sieved,mirada
272,seeps,gaudily,eaking,bangles,vas,dein,iced,ifhe,siesta,meshing,satisfactions,cadge
273,denier,warra,whiff,slurp,err,bees,peat,asians,bouillon,roasting,accomodate,evening
274,iman,watcher,coolers,tomatoes,siesta,bra,ailed,egon,creases,treat,urines,hybrid
275,glob,liqueur,clipboard,parsley,wino,lame,atm,tahiti,chime,themorning,queues,gamey
276,clinic,pocked,cohost,frankincense,suet,rho,shellac,nosegays,wiith,breakfasting,beefsteak,waffle
277,sherbet,terminal,retailer,benders,skink,mane,basic,teeters,libations,panty,chicory,heisting
278,suer,jeep,rum,turbots,drinkers,errs,maim,sugary,understa,wetting,buffets,tatoo
279,cocaine,surfs,emptiest,pullets,spool,maim,partaking,thisa,spoon,verv,chol,hyn
280,chaperon,miney,dustier,jap,reheat,lithe,mahout,sipped,refill,blonds,vorn,fraternised
281,deafer,shinier,yeee,catty,elitism,ammo,lanai,sandwich,enjoyed,ruminate,wayi,thermos
282,wagering,itout,slosh,toy,sexed,wadi,ins,slices,imbibing,coital,commemorative,tastier
283,inched,backlit,hibi,breeched,pep,dram,whers,holla,taxman,milady,relishes,tinas
284,treys,doit,ironing,steles,gravy,hen,musa,tia,tuh,cupping,ioan,tartlets
285,edgy,sherbet,aeen,rhubarb,notate,lave,caper,unu,trencher,tonk,brandied,coffer
286,liners,titter,gingerbread,supped,lefs,las,pom,packages,feast,rusher,spud,snags
287,slacked,lndio,adobe,stewing,bat,lathe,mamma,icehouse,boyars,beefsteak,fritters,wacky
288,sirloin,harpist,tinh,prawns,suede,mesh,puro,whiffle,clinic,tankards,refresh,doling
289,hurtle,slather,nineties,craps,boiled,yid,arns,shum,spittoons,distribution,seon,hubbies
290,seon,paddies,platter,kiwis,adulterate,bar,meat,sherbet,emigre,mariage,castanet,axial
291,sinning,misdeed,husking,tomato,ethos,soar,peek,quaff,corporator,carousel,dunces,candies
292,barest,tangle,chives,bread,paw,mama,weed,pele,shri,cup,cooties,sardine
293,chilly,iseult,lea,spinach,oboist,bens,sumo,liquor,lucullus,theat,commuting,ranched
294,dolled,amir,reacts,tankard,reamed,leer,spoo,speechifying,moldy,snooze,commodes,titbits
295,basic,steak,shor,katie,ur,bad,stunk,strengh,reiter,topo,fum,slicing
296,tuners,sidereal,ojos,bitters,grog,hoe,sas,nombre,grana,nominates,mento,sidled
297,cupped,nine,mutates,yolks,dieing,wits,titan,uranium,grown,venison,spoons,teu
298,hawked,dosser,quat,handles,ices,maws,toms,calabash,tarde,opium,seperate,inkpot
299,drier,stomps,vials,natron,tel,wenn,lour,cloying,dirtier,emigre,nica,corncob
300,anemone,twangs,soma,smokes,boil,aims,refection,ofat,papery,cocci,kitties,schoolrooms
301,mugs,safari,litle,adulterated,alum,imam,ail,senseof,evades,oughts,luncheons,slathering
302,flutist,plunk,lacquered,treacle,beso,woe,tad,clairs,scholars,chante,undiluted,dine
303,hampers,borax,papaw,vants,airmen,ilk,melt,planters,talky,nking,veining,beverages
304,doormat,tracer,conserves,crushers,tete,hoes,steak,meetinghouse,accomodated,appetites,buc,siestas
305,theorem,bromine,reali,pistachio,hunches,pia,rawest,laguna,seaming,pasty,diner,schoen
306,yummy,sodas,pickles,usand,cruet,mil,pancakes,inanities,dessert,reunions,levine,jinx
307,hila,skunk,saucepan,silver,impale,ad,cutlet,moshe,chica,supping,spurts,firkin
308,matsu,realist,pugs,rum,groceries,nom,guru,spout,really,pineapple,dumpling,informal
309,dieter,sourly,bagmen,ddo,rat,sot,gybe,thicken,foud,neef,stang,shalom
310,powwow,threst,quanti,iddle,sill,whit,veldt,hean,werethe,oclock,carouse,cliches
311,booklet,smears,scuff,flaky,gumption,sugary,toch,simples,joyed,template,afer,desh
312,seaweed,isomer,luv,adulterate,biters,tome,aloe,appetites,conviviality,dicing,atthe,tablespoons
313,bundy,kismet,pocks,boarder,net,fir,meek,beholden,rattail,foundlings,rapper,guests
314,biscuits,consomme,alog,brandied,pod,mai,minut,nual,urn,blahs,carob,prattles
315,greened,scabs,cheesy,flatulent,crusts,amber,ladle,launder,alexia,seances,roasts,genies
316,contender,shopped,ofter,wetmore,ludo,lag,nutmeg,comen,torero,patronize,possum,fathering
317,poppies,grap,beer,lefs,mugs,psi,sae,ioan,runny,gourds,drinkers,fumigator
318,collie,twofer,fiv,platter,mow,lei,ohs,sumac,blend,pancakes,filmic,thetv
319,efter,leverage,rooked,winkles,devilled,tint,podia,lask,muting,hookah,alerting,cautery
320,rubber,suisse,nombre,parsnips,fakes,wets,tra,provider,whenthe,exhilarate,spices,euchre
321,knoll,swabs,ighty,pair,peppermint,spoonful,beer,openers,quells,quoi,coffees,schoolroom
322,ochre,bloodied,muffin,sert,jej,ear,mood,thingi,andar,valles,candice,deicing
323,twirler,tads,morphia,sirloin,totems,wary,nipper,runi,cupful,hostess,arnica,racism
324,beiges,ortwo,creamed,sillier,trays,opts,sera,lipase,hell,tej,kettles,interning
325,ieb,placate,spirituous,butter,tercet,nue,dumplings,poof,delt,unpacking,hostess,instill
326,ticking,batiste,slaw,swipes,tad,kis,quanta,tang,flagon,beig,sampled,oma
327,nhe,erev,cashew,oxes,mai,kit,teat,ore,meetinghouse,execs,flagons,serviettes
328,kneaded,ghillie,plumbs,candied,ere,brag,rapist,rasher,immediatly,telle,guests,gutty
329,cack,edgy,squatter,oval,olio,tame,woth,resets,withall,oduce,gridiron,donated
330,hup,pestered,mobiles,shop,liquor,edema,nu,geller,tagged,produco,libations,arrowroot
331,trawling,wanes,hairless,croons,iive,twat,sherbet,halibut,gulp,themin,inhere,printable
332,lenses,pundit,bandanas,table,preload,maims,coffi,toddy,lushes,scones,pumpkins,mache
333,keener,molding,buttered,leafs,bong,swat,tapas,triends,ission,emoting,choices,lked
334,cheroot,unsay,sweetened,dicing,zen,uncooked,souchong,pure,fairing,sulked,figh,mable
335,deniers,diatom,floatation,stiller,servi,hewn,isomer,duque,lndian,loaf,unship,sobers
336,gatlin,chee,veh,brandy,muesli,mom,cassava,gloats,seent,gaia,bedtime,nuclei
337,charwoman,adulterate,tangs,cutlery,fin,bid,chola,hong,piedra,copulation,snacks,sutter
338,dusters,skewers,grog,baskets,taros,mak,largish,sip,social,clouts,scup,pinging
339,holster,groats,keept,unpacking,wen,mods,ilike,copa,preservatives,planners,numero,enjoyable
340,clouts,wallowed,dosage,borns,wisdoms,dad,perce,gally,transmuted,lea,letit,sips
341,gelt,tufo,twirler,raw,um,sugar,flax,jitter,eino,christman,fruit,whelks
342,deets,toons,hullo,dirtier,stew,premed,letterman,cud,sinuses,repacked,refinery,bisect
343,ripping,yummy,meeker,mulled,papaw,mamma,mini,layout,concoction,shorty,thatshe,caffeine
344,wrack,opiate,blobs,arrack,bee,semis,thors,lim,brandied,diners,seance,haymakers
345,sailcloth,spiced,sinker,sandwiches,coastal,wean,mamie,pline,packhorse,trke,homemade,qood
346,haymaker,clogs,anvils,mache,candice,pod,tangs,nige,titis,swapped,earliness,bivouac
347,masker,vegetated,asha,vende,bergamot,eras,titbits,nukes,clip,chilies,bailment,efening
348,steins,latino,slobs,goons,mois,salt,lama,caddy,taster,panties,filleted,mish
349,aboot,dunking,wipes,teat,candlestick,spa,sere,salus,nari,butter,turncoat,togther
350,winger,blir,shays,mustard,tweets,mimi,wink,bagi,hype,crites,pronged,geishas
351,sipped,cubism,bruisers,lemonades,duds,awed,drinkin,pacer,botter,lemonades,morsels,rehash
352,mamboed,shite,previewing,drinking,ova,mamba,wog,buttle,leeching,botter,tureen,bernd
353,hassle,methyl,torques,coffees,lag,sat,reruns,unsocial,arun,vetting,soup,vening
354,glop,guitars,pudding,homemade,ilk,leis,drink,adjourns,wasat,strawberries,toddy,hostage
355,bakes,goh,poppies,restaurateurs,llene,alum,plantains,joyed,jusi,homemade,fourpenny,senna
356,mimosa,tamarinds,scalding,addles,spoonful,whirs,yams,ihre,deader,preceded,cake,served
357,eaves,eta,killings,drinkable,previews,uwe,whut,wholesomeness,cabals,duress,nitwits,stilll
358,rammer,bleek,broiled,cup,dime,big,weal,dribble,loong,boing,childe,weeknight
359,scrolls,scoops,fiz,cozy,teen,eft,ira,thirsts,ferraris,entertains,sudsy,einen
360,hust,drei,utes,spool,ele,woes,mena,sorriest,buat,catering,suoi,followthe
361,chaps,mde,optimal,stewed,wogs,ell,winos,shack,jeg,moguls,billies,conceit
362,grinders,reenlist,guzzling,grater,peppe,teed,cutest,basin,canters,titbits,teapot,tidily
363,veneers,ugo,nattily,settings,leis,smear,gulp,rancid,pessary,jug,strainer,beefsteak
364,ahem,betroth,sauer,peelings,osmium,egos,spines,teat,supped,deader,doir,inaugural
365,ravers,twinning,gumption,mug,ahem,spin,spore,lnter,wino,strainer,preg,somali
366,wisps,luncheon,assad,grocery,bum,bare,diest,auger,eucharist,cutouts,ventre,tuer
367,clomp,farty,stalemate,taels,muffin,enema,mita,real,kohl,breakfasts,hankerchief,munch
368,cual,pewits,doodled,sloe,smelly,coffe,inhales,mug,clubhouses,paar,setup,purty
369,pilau,samisen,smelled,digestible,molasses,meld,tin,wieldy,sete,tranquillising,gak,chol
370,belled,taboos,snaked,evened,au,geed,ginned,balle,zaire,hecht,winces,tabbies
371,dander,cucumbers,nannies,wearin,tepee,set,jute,consumer,exchanger,liqueur,ravish,sunup
372,chaparral,beaked,darning,pepper,osamu,wendy,saucer,coffeehouse,condos,recherche,agro,ecumenical
373,wrestler,veep,spatula,sampling,isms,sista,elm,javanese,nerved,convivial,pie,crys
374,gongs,swaps,alkali,abit,umlaut,dews,alma,sauer,dialling,onight,iwill,griddle
375,siamese,carves,flee,dozed,ad,lama,spatter,sauna,entertained,entices,dinars,sendoff
376,alumna,pianists,tuners,pickles,pad,ikea,oolong,seater,blonds,detections,andas,raffling
377,unfired,sugary,bolos,parsnip,cochineal,rhea,dainties,scones,luisa,reanimation,bowls,appetizing
378,yaru,generator,jingled,tej,doused,mod,purr,gori,sipped,luan,catering,ragout
379,waiti,glosses,twoo,broiled,intuits,nabs,lobbed,loaf,assayed,candelabrum,libation,homecooked
380,masthead,lefties,saltine,meal,whist,meal,minuses,foments,meeting,socia,retitled,butin
381,halide,gabbed,liveable,squeezers,wes,mamas,wean,bespoken,codes,ecg,suspence,childre
382,aileron,yobs,elbowing,clouts,pepper,confoundedly,ere,larvae,pliers,arrack,thisa,lunching
383,heeding,goalies,fruited,dealers,en,shish,gruel,fritters,mutts,penises,biti,listers
384,fusty,dinettes,priapism,casters,seinen,oldie,tuna,havea,temperance,buffets,akes,firesides
385,sesame,acetate,candlesticks,sups,puddings,yea,las,dinky,emetic,nappy,reven,buns
386,bilge,sumac,swiped,drinks,aniseed,anise,mids,wino,peice,lnner,canteens,midday
387,dopes,hah,busing,nattily,teem,win,cad,canisters,suoi,columbo,accomodation,shyer
388,gnawed,catalogs,tattooer,didt,semen,sow,wadi,plantains,thegood,maddens,messing,sweethearts
389,cabo,noggin,swishy,trailers,imams,perm,cedes,kash,mayday,lndependent,affer,lecher
390,frays,polkas,pearled,silk,mustard,ars,kola,disce,bongs,chers,vermicelli,choirboys
391,cicada,chola,drainers,basket,vet,lied,refilled,finks,iob,supervisors,dices,anish
392,overalls,prepaid,vaut,chesty,moshe,elms,oleic,kettle,tattling,hosen,exeunt,willful
393,bulkier,simmered,seaweed,fish,spice,dads,mimed,movables,beter,supped,foon,modeled
394,sassafras,tora,htis,flirts,mead,nes,salt,sassing,irina,pluses,salads,hexane
395,mailings,lowlife,cheeses,strawberries,moo,oho,ems,broking,teat,anout,bountiful,sacramental
396,bedsit,sook,pennyworth,egg,runi,hies,stew,dojo,flailed,filmic,enjo,telecom
397,bleep,siesta,lemonade,turmeric,catsup,mess,broth,puss,protesters,deakins,seducing,toasting
398,ginseng,prods,confectionary,commodity,slice,lie,anima,cargos,injust,amos,honored,goblets
399,clouted,sprits,sugar,rimmed,mito,obi,twits,sillier,dinged,millstones,abjuring,relays
400,noisome,worries,grilles,swelter,goatee,peat,fumigate,butthen,eveni,teaspoon,cutlers,messing
401,wattles,dast,deletes,allof,amok,doe,sipped,chromium,cops,tellies,tipple,contorts
402,hitches,stingier,placate,fruity,chocolate,candied,balms,litttle,weepy,pie,gelled,knockers
403,dredge,omelets,meshing,ssen,ifhe,ether,bales,unworn,striation,cocktail,upthe,pirating
404,warmers,gullets,otar,pounding,moe,ream,opts,gelatin,nomi,titty,drumming,skive
405,contacts,sniper,homemade,blimp,mom,lid,woofer,linares,bowl,tutti,bumpers,rapists
406,lunges,luat,stapes,dinne,macho,drat,igloos,oolong,sopped,pleasantness,atour,occlusion
407,findings,splits,overate,ethan,soma,hams,ladled,cak,pound,caramel,lube,risotto
408,ohd,ataxia,pianists,forehand,soap,wine,kota,carthorse,surs,dueled,entertainments,unny
409,tomboy,sensors,clippings,pansy,ow,hes,bap,bamboos,coasted,huger,litttle,giblet
410,distilled,thermo,beefed,intoxicating,rattly,kat,drabs,housel,infusion,gally,porridge,boffin
411,gaing,omelette,haggle,savor,deafer,nen,clime,dispensers,qing,wendy,billowed,criers
412,fois,seaters,tuk,kare,verv,led,teen,wearin,valedictory,pot,dowsing,closers
413,pooch,otra,twelves,sprouts,belled,mut,wive,carbonated,tweeting,giye,pecked,treys
414,barman,smelling,oxtail,gadding,elle,lir,tannic,hels,dainties,pancake,thirsts,vomited
415,clansmen,rewrote,suet,quaffing,teaspoon,wads,wendy,bleats,oolong,penitents,sops,fuddle
416,dork,batting,distorter,wees,randy,vas,paiute,pish,lavi,givers,levees,quaffing
417,clitoral,chats,unwired,blackbirds,pineal,lira,siam,tebe,salters,citadels,subsequently,tonk
418,dainties,quasi,energise,daze,tapioca,cupful,rafted,thering,abaut,riends,giblets,meor
419,mailroom,pitot,ochre,breweries,oils,lima,glue,grafts,luise,themseves,smoker,maxis
420,smalls,intone,oboist,chocked,id,sash,teaspoons,incontinently,yesi,storie,haifa,picnic
421,glares,redone,aboot,oking,rungs,sees,downed,novv,wineglass,sumi,letup,spiced
422,ufo,irking,whey,sliver,koala,embed,tidied,ching,wba,arrowroot,lask,vitas
423,noggin,warthog,plows,whisky,isin,teen,woe,pumpkins,gracing,india,camomile,arcane
424,trailers,scoop,hash,soppy,consumable,eerie,reel,shiners,beefsteaks,poach,gorging,canceled
425,shyer,honed,chuff,twister,sin,theta,midget,trashy,beeps,mousetrap,reheat,expertise
426,spawn,tuae,misdeed,raspberry,opal,iwo,mace,varlets,caddy,youngsters,botter,misson
427,wormy,seger,shinier,morphine,lemming,abs,num,tellies,onshore,treacle,topper,cozen
428,levered,tased,dej,regaling,anchovy,anal,sled,coppery,adulterate,bohemians,erat,lemurs
429,arvin,threepenny,popper,cochineal,pings,bowl,sag,pocketing,bankside,dance,drinks,unicorn
430,coalmines,undies,alpaca,porter,miaow,lea,tidbit,oafish,congregational,iben,snuck,shortie
431,reefer,duvet,filings,padlocks,mess,mimes,dozed,chees,nombre,sassing,bever,goingto
432,gallops,washings,phosphate,turfs,spree,sad,spoon,pronged,jugs,ucs,liqueur,decanter
433,puddle,stogies,grubs,hangin,shit,whisk,ban,altman,okes,apogee,corde,stepladder
434,fana,savi,bup,phials,uncooked,saucepans,nod,bivalve,nelle,adulterate,hermits,canteen
435,heh,smarter,sporty,shifters,auctions,yew,skimmed,ecco,ttis,nimrods,moveables,twisty
436,chats,dusts,rattrap,cocoon,fellers,haft,cosi,faking,fets,tuxes,overweight,dubai
437,redeems,woom,bunched,slinger,shart,whey,rumps,wiith,ten,latrine,skimmer,edibles
438,diddled,hurtles,tablespoon,attenuation,chimp,yaw,waned,soppy,allhallows,givens,putted,adenine
439,ragout,strutter,sausage,basins,sherbet,bola,plum,mota,broths,spittoons,wheni,cavort
440,slink,realism,oakum,hooey,garlic,wa,tai,peice,hideo,muk,whist,septa
441,misuse,sitcoms,oilcloth,warmers,rune,skis,foe,sneed,thea,javanese,clairs,arrack
442,cloyed,twang,parlay,illicitly,eery,soy,tsai,product,andwe,kilograms,cutout,sampled
443,sniffs,didi,lactase,ware,gulag,sods,nerved,platters,miei,bilking,teakettle,botch
444,saucers,activist,nitro,glaze,assesses,beefsteaks,sweets,dunt,maypole,sugi,angeli,snack
445,ipor,click,guin,chiffonier,halfof,id,mama,eaglets,milieu,jaunts,piker,dura
446,tobacconist,movies,glassed,consumable,weer,banned,oasis,svu,games,crystallized,baco,sulked
447,galore,kaiser,halftime,sublimate,qet,lade,partaken,coffees,threee,evening,serenading,napkins
448,braille,pieceof,loned,cinnabar,yeti,mire,dad,chinese,reformist,itss,tire,brownies
449,cinemas,cheeses,nitrates,gargle,mangoes,cassava,bashed,goir,quinces,canbe,fission,imbibing
450,houseman,thatday,lada,wines,seer,mug,milk,uncoil,caterer,tent,doused,giza
451,tubbed,cabled,oedema,mittens,bin,divider,frying,extruded,onight,pavillion,skink,mouthful
452,um,ainee,standup,aslo,metered,deing,previews,funnels,gathering,profiles,tweeting,megaton
453,aoe,lado,earthen,sloths,tamped,porridge,tasters,supercede,concert,exalting,pors,dogleg
454,sticky,appraised,ebout,snuffboxes,prams,wawa,snuff,imbibing,plum,meee,decant,benedicts
455,dogleg,scuff,necking,carbonated,sweetening,miaow,guava,sree,tided,patronizing,weve,hust
456,saucier,donates,ghee,poxes,mashed,doused,quaff,pancakes,competion,ambrosial,nixed,dieser
457,gush,eatables,churned,quinces,bun,irk,coo,fin,chola,litttle,perambulation,reminisce
458,orioles,unifies,jad,gooseberries,seger,nerd,acanthus,mucha,fring,dessert,occassion,gelded
459,jovial,cheerily,tappers,toddle,glass,beefy,tom,leaf,sugared,japes,unworn,dancin
460,jitter,threaded,deftly,fivers,ufo,ke,thina,beefy,pickings,luge,strawberries,sodding
461,dweller,starters,nutmeg,nightcaps,psi,siesta,menu,satiate,stint,frugally,gingerbread,chola
462,afros,chokes,taro,shae,weeper,wile,limey,reus,mitre,platoons,altair,doilies
463,tamarind,obits,suga,tamarind,onetime,twee,flips,trac,abuut,plum,vivant,peppers
464,hulked,hitchers,sog,parmesan,hash,bre,semolina,liqueur,timings,fleecing,mug,chidren
465,garage,atom,whiners,retailer,treacle,matt,swami,tump,tling,sacral,adjourning,poom
466,bitters,tomorrows,ore,chop,swabs,samba,groo,cads,flail,mois,trafficked,mutants
467,wafers,wont,dilute,isinglass,ora,meg,ounces,pimento,sullies,serration,perpetua,annus
468,greased,elevens,glinted,sexed,potage,coffi,omelet,devours,rayon,winch,spoor,sibling
469,erodes,rodeo,flops,barman,drinkable,preload,consumed,listings,larp,taters,spoonful,potatoe
470,plumbs,wara,aligning,creamed,dims,om,sumi,alerting,enty,avere,ovvn,envisaged
471,gom,wook,pulsar,sammy,vont,mow,bagel,whimper,outing,napper,coolers,bottling
472,slaked,nuta,urn,fea,suer,owls,repacked,chinaman,prude,subsequent,readv,devilled
473,glu,wombat,dup,hashing,teflon,sera,abet,nazi,hac,gratulate,royally,barmaids
474,doves,snout,tupelo,bandanna,nami,asp,snooze,snuck,soppy,niggle,vaca,mitosis
475,tighten,ihre,dialer,gin,dad,soak,lingua,juiced,squats,ismael,dainties,lipper
476,urns,aloe,moronic,packages,pan,bur,arid,yesi,rambled,tosh,toasted,kime
477,drupe,savor,shiny,forall,moth,nab,taped,ocelot,swelter,spoilers,ecco,yhen
478,chaotic,minuted,bidets,chemicals,uou,keg,alum,ayer,teats,dure,bengt,trooping
479,coldest,dorr,opet,mank,emit,homemade,cake,ifyou,quoi,intrudes,losed,sute
480,seamus,gooses,pint,addled,luat,spew,llene,aud,soup,smokers,siete,chides
481,wendy,slump,icahn,frying,pie,min,weft,spilled,ngo,stapes,muleteer,tannic
482,mercilessly,nomad,troi,sudsy,purred,ar,reclined,vacs,sherri,thingi,sorriest,musica
483,dryers,doos,fondue,sonars,raped,arm,toki,tasty,theree,smirks,tasting,oris
484,cabled,vasty,castoff,buttered,cos,pees,doats,alper,gamboge,coffeehouse,ingest,contente
485,warthog,glisten,wimpy,kitties,beta,spoonfuls,thanes,vomited,mank,service,divas,hilling
486,unitas,evolve,shart,cooks,flu,waned,slaw,groceries,spoonful,forums,dero,entrees
487,beeping,teep,illest,buns,poppy,sa,jug,batu,appetites,plenteous,anish,minting
488,silty,hurdler,sal,smoothest,potable,maw,fow,blurs,aime,wefe,sorrier,patronises
489,cholla,headrest,ruine,pudding,stinker,mangoes,cassia,pekoe,pricey,emely,ahat,loned
490,mouthful,boluses,waitress,unset,pets,aid,wilted,aimes,prelims,spirituous,haggis,splodge
491,cagey,warmish,writhes,punch,althea,coolers,aslant,therei,aout,vevy,skittle,caer
492,scoots,grams,whitebait,invitee,galore,domed,teem,vrai,tankard,mochas,tangs,royally
493,distend,wallows,aku,bole,bur,web,sods,saat,juveniles,tthat,pekoe,falchion
494,crates,snarl,eather,adulteration,geodes,hese,rename,fhere,suv,teal,gala,clubhouse
495,ioniser,sair,penalised,cups,bedbug,doh,sateen,dinners,occassion,enrollment,soviet,rehearse
496,mahout,beryl,bangle,nutrition,tas,irma,rims,banqueting,decanter,serval,willard,coolers
497,realism,topper,stasis,opa,igor,saucers,pewter,refreshment,euer,party,service,unpack
498,napkin,figura,dump,chiles,quantify,err,tram,fluctuates,avid,bowl,midday,paella
499,cabaret,sidling,nooo,smokers,hat,asap,maul,letch,homemade,salvor,factored,plasma
500,deleted,foramen,deviance,dozen,beefy,bete,saucers,trode,chino,bivalve,triples,churching
501,grog,devons,wallets,flagon,mountings,boil,congeal,roaster,iast,nomine,candies,conners
502,slaver,pinches,deducts,geodes,edgy,meth,errs,chime,hatpin,expences,vesicle,oberon
503,rimless,iterates,elack,salves,amoeba,brim,arla,purchasable,frays,proby,amoment,iourney
504,weeny,nanny,stoics,shellfish,nom,user,juices,cheesemongers,adai,aroma,tings,areou
505,harem,gish,shills,tads,tribal,woos,settee,peppered,tutte,scribing,fluidity,reunion
506,stange,atomised,ram,gunpowder,retitled,sal,tote,kif,ices,bowls,militar,nomes
507,rummage,beefed,mulled,sassafras,ban,mums,julep,quintals,lhis,jamaican,presente,renato
508,nats,swags,skidoo,confectioners,glom,mist,saki,aftef,guests,sugared,thehouse,lobos
509,gelatine,nabbed,timbering,fishy,erri,thaws,ham,upped,cloyed,thins,venerates,annd
510,sarsaparilla,currant,wigwam,chees,duos,theme,cocoons,ofher,zoned,havea,venison,aish
511,elack,titer,lactated,licenced,smelled,whiffs,agate,lndian,cutouts,poner,milf,prenatal
512,hornier,poirot,eat,crusts,rotti,pan,teaspoon,protein,intercom,pasties,clubhouse,pippins
513,vex,cribs,papoose,unrefined,sutras,alma,bluer,broths,tent,centers,walloping,chocolates
514,drin,pimiento,toddy,crocks,pear,emus,bah,yall,trier,syed,auricle,revelries
515,narcotic,aree,borsch,eatable,kir,foe,nand,furi,fops,refire,gens,inari
516,saps,rewrap,dwelled,cleavers,seed,pew,dica,clubhouse,thinki,proceeds,concoction,jiu
517,pressers,oskar,quantify,lemonade,wimps,stet,unlace,eaters,barters,sposed,illuminati,wesa
518,ofis,reshot,atolls,fruit,sewn,apse,fullers,yif,hopi,perambulation,phobia,invert
519,galls,affer,reenlist,hooch,nutmeg,kir,grad,bread,ind,beefs,mashing,beore
520,yive,drinker,nebbish,consumer,scoop,rot,tta,candies,nthat,gelatin,speller,enlivened
521,horny,slices,flagon,wallops,flee,sod,stewed,bionic,jug,toadies,participated,libras
522,oedema,slurring,dopers,bugs,pricey,dabs,ens,vevy,snuff,partakes,anglais,dunce
523,diluting,athlete,flaked,churn,toy,ash,alos,rumple,selon,ponts,banquets,mutative
524,thimble,lmage,plinks,defiant,wa,pad,pea,grosses,packers,shold,gongs,rinses
525,chessmen,cabaret,maltose,cockles,trawls,rid,citric,afree,ump,ofthis,cuing,sandwich
526,whalebone,anoints,tundra,overs,woe,sloe,whern,hercule,reductive,censer,mable,bachelors
527,pinny,spes,onger,apples,mo,roam,shrimp,pincer,dusts,excels,sora,tongs
528,worries,varmint,jug,lvory,cindy,baba,merl,testable,avouch,delectable,toasters,valets
529,intakes,fuddle,pice,maan,kito,heft,aboat,fois,tellies,flaking,veranda,ooey
530,tez,deniers,stunts,mopped,rashes,asset,someday,lefs,placei,scours,assembler,harlots
531,glaser,corneal,whiskey,traci,ar,sled,hassle,neely,cocoons,brooke,annd,ballrooms
532,plasterer,envies,deader,gawp,podium,teapot,glop,drinkers,docent,cruet,jamin,madre
533,healers,churns,ignites,chim,aves,mos,bigs,pukes,refection,vegetated,excelent,haing
534,dumbed,erotica,sweetmeat,rupee,veg,mi,drank,desserts,cosies,scuds,toadies,sonars
535,ehen,revving,nany,lmam,mew,kitties,omen,harling,held,inhibition,atonal,tasted
536,shelled,pesetas,ornery,downi,breakfast,dhow,sutter,suga,hellebore,viewers,enrollment,tombola
537,doon,chillers,marit,sprats,mitt,woad,shrub,yapping,tasting,sampling,surfeit,pimento
538,hydrometer,goofs,speeder,produco,souse,abeam,curries,fisting,thsi,thegood,aome,meanies
539,nattily,dodo,flub,waiter,dither,ado,binomial,lsis,tumbler,werea,taked,ccan
540,celiac,divvied,swoons,digo,wittles,shies,toddle,cup,wholy,luxuries,clinic,punters
541,climbers,fema,hbo,fring,sweaty,woo,wises,hila,elders,coif,preowned,hela
542,overly,lsee,pods,scissors,scab,med,clawed,ices,mellows,bleeds,feasted,toboggans
543,baize,ikey,puddings,mammies,calabash,asps,minuted,ware,lasalle,jived,curries,fork
544,ihre,annd,breakfast,drink,swamis,hash,miming,chews,patil,haunch,shunts,justs
545,starter,thymus,itby,sickles,limed,ay,wag,quist,wifh,effin,fiesta,certo
546,delos,martian,scree,larges,nen,dish,mak,livened,cassia,grown,servers,waffles
547,flattest,maytag,bobs,socia,punk,skink,tenpence,gived,crunch,balking,placei,offline
548,metrics,kettle,beltway,chandlery,piddle,oast,quaffing,blueish,codgers,cruets,yahoo,barfly
549,agnates,prowls,sifters,souring,saucer,bean,salvor,sullins,granulated,likening,heres,handily
550,spites,idealism,gullets,perfumes,preened,node,pantie,sadie,falco,chairing,proffering,postie
551,skein,elack,cooked,sprees,wises,radar,owe,gambles,lipton,taxman,bleats,deliciousness
552,shipowner,savior,shellfish,cupboards,ee,peppe,pagers,pura,thered,lactic,wassail,gobbled
553,boiled,unpacked,rewed,blat,pickled,mei,mee,ogo,zoom,lous,template,micmac
554,bup,deflected,hep,retail,tbe,os,merc,orangery,hij,eview,attests,sputters
555,booboo,sudsy,catalogs,servi,len,int,ergot,ighty,numbering,vexes,uner,immerse
556,patter,tooling,goodl,pastes,tendril,aeon,chided,tarring,grudging,eidetic,deliciously,dissuasion
557,hairless,echos,compote,mansi,mien,dui,coffer,guzzle,reusing,delicacies,carps,spooning
558,mopes,steals,scrapings,roaster,fig,hot,mutt,venison,hostess,foward,abott,mollusk
559,ebbed,lawmen,sappily,wwith,boded,shags,lanny,anil,direly,instils,inducting,nerved
560,reorder,imaging,melee,punk,popper,whirl,milions,chinos,humbles,byto,leavings,aerating
561,demob,tongs,assayed,heep,feres,mal,menthol,geing,bendy,cloyed,cooked,utensil
562,enemas,snorted,barfly,whiskey,boiling,swim,caters,lathered,venues,cartons,enim,bitty
563,bateau,swifts,aloha,refilling,dueled,naiad,orb,lube,dispersed,blended,retal,heftier
564,winn,phosphate,burring,brewed,leavi,ladle,kali,grocery,rina,maia,doling,scullions
565,spoons,tonics,pune,conches,runes,wade,buns,utilities,spoo,scholars,meke,steaks
566,outman,saucepan,vamped,meat,abut,tiro,sim,edgy,ithis,uncooked,coif,grandstand
567,threads,swatter,caviare,delimit,neel,gamy,biet,dieing,piton,hane,joyed,receptions
568,glues,quicksilver,bogey,labelling,chop,mud,doze,loong,spiv,gatekeepers,abuser,overthe
569,yanis,golfed,mysel,chucks,korea,mahe,kitting,sousa,withing,reprises,screed,anas
570,staler,rummies,impacted,exams,totted,matey,chew,alise,flaking,dinners,dominos,thethe
571,wrestle,spying,pewter,tling,idles,ore,iming,saucepans,lithuanian,steaming,pluses,blane
572,asus,unloose,blonder,semolina,bus,teapots,ouu,zito,rictus,couldnot,cereal,encamp
573,adal,coted,husks,sipped,tael,beam,mao,rapes,restaurant,igot,dismantle,siphon
574,argot,spatter,options,sweaty,wain,therm,apeman,peignoir,longboat,tannic,cruet,indulged
575,leavers,muesli,speeded,sauer,ringed,mao,tray,illicitly,frankincense,coud,minden,adso
576,shoos,cinema,allout,fundament,alums,cinnamon,tasting,whiney,absolves,repet,irking,seeding
577,pullets,pleats,guider,buffered,gin,weld,disk,dicing,ayah,incentives,prods,drinkers
578,mauler,escalate,steely,tortoiseshell,tases,coders,dieing,gasket,vrai,breakfasted,lemonades,nixing
579,regaling,retinas,flagons,rnot,drip,atom,biases,deuced,tomboy,guests,spoonfuls,timepieces
580,fen,tobi,latency,sweetened,fret,oink,weer,autre,tidies,retails,cahoot,polkas
581,lugged,ooks,dilutes,pickling,ell,weeny,aks,delos,meus,occassion,nelle,yeasty
582,underwater,nestling,fluff,peaches,macaroni,warmers,livened,fins,amc,therea,smirks,deh
583,spice,tawdry,lour,mincing,ladled,wive,orbs,erol,leif,manliest,nickle,assays
584,tael,jihad,refilling,summat,titer,toed,fuck,qet,teakettle,inaugural,partakes,eldorado
585,mafioso,fons,slice,serv,tamest,slices,coca,cheerio,jag,aleck,dich,trawls
586,eran,chassis,sputum,roasted,cloves,raid,eaters,koala,quaff,whois,joying,sunds
587,delimit,jugs,drei,henbane,sugared,beep,unsorted,sugared,specialties,toothy,drei,sisterhood
588,dolmen,stirrers,sulks,cutlet,nib,fie,copped,gallops,maxie,urinated,balle,mayans
589,hawed,liniments,perkier,ouy,tablespoons,nada,dropper,thriller,presiden,bethany,choler,misbehaviour
590,centers,hilling,duda,abstemious,bim,im,dada,infusing,mansi,middleof,thans,petter
591,hummer,dimwits,farty,whiffle,mislay,tho,karma,zips,recollecting,exemple,croats,convoke
592,llene,tortoiseshell,tobacco,unshed,lra,asa,haw,destin,emely,sweets,foud,vodka
593,reenacts,cuisine,eta,vegetables,tango,chees,bin,vigi,norrington,epicurean,delectable,nastier
594,annd,tenner,snafu,mandarins,sot,imbed,aeration,witched,doen,healty,oldies,itand
595,osaka,meshed,muskrat,alerted,stewed,nag,spiced,whores,condoling,leasure,treat,quaff
596,jawed,locos,merk,smoker,dieser,tae,smog,guava,spi,whern,edgy,unneeded
597,peeps,slob,kudos,chink,peeked,ray,mos,tarde,visors,begum,padding,dandling
598,washers,knead,vomits,silks,tie,boom,alea,radian,peoe,friends,duper,ghats
599,loonies,banyan,jing,sugars,scrapings,met,upto,valdes,criterion,dulls,hempseed,omelette
600,allons,dirndl,calfskin,hankerchief,voraciously,width,ims,giallo,differen,platters,genies,spoonfuls
601,lobster,sampler,pastels,swamis,sieved,awl,jelled,bundling,benchers,aud,banque,mahone
602,chisel,delve,dast,nectar,yarning,ao,maw,black,tia,proffer,allurements,intoxicant
603,pervious,preemies,isms,peacocks,alexia,bow,continuer,mochas,pusses,sneed,centers,cohere
604,faraday,airbag,lettuce,chicory,tweak,mown,bosun,nioi,paly,echelon,boluses,waah
605,tweeter,haff,oodles,urn,ind,math,bat,anals,giblets,beenn,holdfast,whetting
606,trawled,mailbag,swaths,grapes,unease,plum,mocha,thoreau,pinot,circumnavigation,slipper,nicking
607,treaters,tsars,brij,saltpetre,tabi,beefsteak,whirrs,oten,lope,controls,genoese,yey
608,grocery,stoked,noggin,tasted,cache,attar,likea,cky,bread,alienates,hads,lnside
609,wam,dmy,airmail,fillings,mao,weeded,nine,loaves,fong,readmission,hade,temptingly
610,thermal,eternities,heckles,isol,te,wows,raisins,eally,haunch,trencher,supra,meatless
611,lushes,piste,dainties,cream,movie,ida,drinker,corkscrew,mince,masquerades,pandas,dawdle
612,grater,saks,vem,franklyn,ewe,amble,tar,agata,amnesties,bluecoat,decoction,limoges
613,igloo,thoes,roulade,mocha,ao,pleat,mad,zings,tchi,thepeople,rocha,turnovers
614,malaria,willows,trendy,cassia,tpa,mew,coolers,cloyed,alread,busch,cups,inchon
615,afer,voiding,replay,penne,abs,moe,roasts,tapas,requital,thisl,raping,oking
616,bitte,tam,trivia,tarte,dew,skewers,lila,particulary,napkin,taked,repacked,hamster
617,spiting,hundr,situps,gismo,whet,wee,gluten,wets,unfixed,butthe,theem,cigaret
618,manatee,winnings,pings,tenser,ton,bawd,rasp,codes,gant,beso,fve,gilles
619,waiters,altor,prion,delicacies,mva,es,dem,dast,cortex,innovating,condos,pumpkin
620,flops,quietus,clods,bex,soy,limo,unladen,senna,tapioca,slimes,anan,esas
621,greenish,unseated,fielded,creams,redactions,whined,onto,dispensable,egoist,seent,shuld,traveling
622,figur,botter,tush,cubes,hem,calabash,snored,orthis,immerse,vvill,parce,enioyed
623,pinks,partials,incise,braziers,zeds,skewer,aniline,refracting,serrations,frippery,triends,eveni
624,doff,lumens,marmalade,glia,meld,amok,wah,napes,cocoon,connery,snowballs,glares
625,gelatin,outlier,chafes,desserts,gamine,sipped,pound,tael,handsaw,bigs,vivre,enliven
626,pixie,spice,numbing,comfy,matin,sip,kore,scrod,lusted,carnatic,pelican,picnicking
627,barbels,yhen,eleven,albumen,mesh,mace,hems,frag,eat,ifferent,charades,caraway
628,snooty,sashay,hayseed,growths,kinks,wombs,chino,thewhole,desserts,arid,affiliations,friens
629,vitti,regrow,headrest,hydrometer,hostel,asd,devours,cruets,fizz,valo,hoste,yids
630,retinal,gnaws,ragout,porcelain,wo,elan,busing,pabulum,changeling,preload,sucha,mustards
631,coloration,agave,hotline,donate,heists,diem,cos,personas,beverly,mox,comedown,casinos
632,swills,smudgy,parking,brits,fey,giblets,olean,issuer,fidel,ternary,pancake,noid
633,shup,plows,tubbed,entices,sadism,enmesh,shoed,adulterate,oblations,abuut,caviare,beefed
634,clicks,imitative,yars,finks,hes,mono,staft,carousel,bothe,flaxseed,peppers,munched
635,nestling,pester,shyer,saks,ims,saki,fock,rady,weeper,sute,tthis,teaspoons
636,toddy,jiang,lats,lemur,roosted,teems,kilter,leanest,straig,hominy,croupier,silents
637,nutmeg,bidets,smudge,inflow,dripping,mia,sneed,hawed,teachers,leeching,recognizing,mewling
638,mynah,truces,silvio,nectarines,smarts,milt,tome,frend,vins,iare,yapping,iraqi
639,asout,iambic,didi,dru,cherries,lad,loing,taxable,folie,hazing,rapeseed,wavier
640,roadie,yeee,kernels,preet,poh,pest,osa,flexion,lacquered,beha,iwere,navels
641,ahab,ingest,emu,snu,eugh,vevy,maned,bunking,procet,positron,urn,alook
642,pintos,sassy,itches,acetate,tidies,dal,morph,candelabras,spoons,sultans,peta,handstand
643,spaced,twee,aften,ii,sal,mugs,toasting,rapper,evenin,ginned,prats,chier
644,killers,bedsit,alum,tiepin,seent,slid,sailcloth,pola,loaf,mangin,milieu,cuffing
645,skimming,sewn,arou,fumigate,erui,sawed,mucha,shales,chewer,locating,participle,sabers
646,racism,drinkers,nikes,diluting,teeny,moos,whiffs,aul,abolitionists,commo,teste,soup
647,turbo,goiters,abott,lushes,silk,tot,messed,rummage,sociable,worsen,orang,liqueur
648,tootles,antacid,dumplings,alles,wort,gamed,lipase,unopened,smashers,procet,chessmen,courtroom
649,asset,wobble,hookah,masticated,caddies,dew,readmit,harrisons,tensions,calumet,dialed,dialogues
650,flanging,pitchers,piker,soy,tole,saber,arah,ventre,naking,quien,dance,ferrying
651,ofwater,foreleg,sunsets,ironmongery,slim,wiry,limed,whan,schon,getup,pabulum,aniversary
652,wearies,teres,tromped,lucullus,slicer,tart,cluing,greer,und,wetness,electra,jelled
653,cloven,erodes,grilling,bladed,eatables,nal,ninnies,dotard,vices,helpers,spouses,ityour
654,kur,laal,drillers,tipsy,ail,arrack,blahs,spited,peddles,playhouses,appetites,xan
655,peyote,eatin,dunking,effin,taster,oily,saucepan,milk,befoe,abets,supping,gathering
656,varmint,adulterated,inhales,tidbit,toe,semen,memo,frick,beefsteak,grizzle,moselle,getty
657,egoism,horsehair,hubs,galore,dish,eves,eons,trillion,notonly,quanti,soups,phoning
658,bagmen,airbus,coffeepot,veel,felts,alms,maws,igloos,arnd,gering,antisocial,chianti
659,shopping,buttermilk,erectile,gumption,ek,whelped,cheese,arif,sux,papery,chesty,garo
660,repacked,sifts,owl,swipe,behead,oil,niro,caning,amusements,hankering,flower,rlly
661,harems,trendies,yelp,eatables,minks,demo,cern,lavas,wefe,shyer,gruel,fief
662,clammy,thoughi,swelter,seamstress,blahs,indigo,caked,tousle,llene,sleighing,standings,sightseeing
663,mantilla,unadulterated,underlie,adios,bivalve,nand,twister,lamely,tureen,disse,mousing,hankies
664,masticated,sacrum,saurian,smelling,petal,tor,xin,profaning,eaters,ate,whiner,crabber
665,foiling,chamois,fruity,husban,sture,coff,tes,mashes,aish,loof,varlets,folksy
666,travail,mitosis,weenies,astral,arrowroot,mir,ado,tractive,cautery,mousing,feast,raffled
667,skimmed,onlv,dips,rodman,wady,lees,buss,didt,tarnishing,spayed,saucer,consomme
668,jewel,turbine,wavers,hup,sedans,piss,vegeta,kraft,anti,comen,instill,beaker
669,luncheon,hostel,stunting,grinders,spume,amid,tards,bounced,nteresting,incalculably,signa,whiskey
670,twirled,aften,silt,plums,er,maul,licorice,alack,spewing,drinker,flitter,mosh
671,extracting,herder,bozo,dominoes,slam,die,posed,cena,zanies,cherokees,thani,minuets
672,platter,charisma,arw,shyer,nioe,meths,dinky,sulfa,hoot,skewers,bionic,chocolat
673,omelets,halved,libs,leather,diode,liquorice,eine,lving,mochas,intoxication,melina,hankie
674,whisky,trundled,baked,stuff,saga,snacks,oral,lucullus,cozy,dilution,foments,athenaeum
675,rummies,tonsil,vitriol,shovels,nari,ea,bawl,ndian,vivre,ioan,valets,prowler
676,loaning,kiddie,mete,aileen,tes,wi,greaser,prognostic,listings,praxis,presets,dolla
677,weenies,tsarina,trundled,jellies,tubed,suga,preview,themorning,snout,vvith,flops,disrobe
678,chancing,snubs,steles,camphorated,musky,wow,spilt,irte,columbo,unicorn,cotillion,spoons
679,teii,posher,pitchers,kismet,boreal,lam,peons,overseas,chin,cusp,haymakers,nikita
680,mulling,napkin,deniers,japans,continuer,ead,dui,sutter,corium,ovvn,theday,chare
681,tau,miserly,cinnamon,horsehair,steles,kasha,beta,compris,dozy,nuances,lether,drinkin
682,guises,tubbed,tumbler,backgammon,online,ot,hal,bloating,selectee,baci,festivity,sarin
683,savior,abre,aeolian,flatted,flagons,ors,tavo,eas,affer,haberdashers,cano,diner
684,pyres,tippling,fritters,breat,al,soap,shills,letup,lidt,antisocial,pico,guin
685,shippers,kilter,snacking,cider,uwe,te,egoist,spoked,seater,thenext,gived,swags
686,grimy,bunko,liner,moguls,pots,lab,isms,grads,teeing,vertex,leeching,patties
687,flaunted,amoebas,vapor,gamboge,covens,aphid,fourpenny,mocker,meetin,hoon,liqueurs,spoonful
688,dinned,spoilt,sipped,tubas,jaya,mashie,refining,coders,whichi,lmperial,fortheir,toddy
689,agnate,dumps,jigs,tinctures,throated,omen,coady,yung,pple,interval,grenade,moshe
690,childre,viler,poxes,beate,delimit,neese,comen,phill,nubs,larp,wba,chut
691,thrills,swathe,bootleg,hi,bawdy,area,resin,canister,considerately,libido,sumer,pancakes
692,debris,ahalf,oby,suppers,dim,oboist,amoeba,hider,lude,enjoyment,taters,fazed
693,thallium,deify,ramped,japan,abit,sas,handsaw,rice,ting,nicolo,bota,snooker
694,ethnic,spatters,bashing,idd,akita,owl,tamil,moming,hong,thatshe,hean,teethed
695,syrups,sneaky,quark,luncheon,ae,oleo,bak,souchong,ball,joyed,enticement,conking
696,disport,turbo,orientate,hashed,tiptoes,phew,hala,preened,meting,infusing,whiffs,convener
697,lightens,upu,capons,feen,hod,drabs,armorer,aspirated,tarty,thata,tempos,childen
698,unwired,skink,tabla,pantie,teakettle,thimbles,eat,cabals,wasin,reconnoitering,bongs,farty
699,beanie,slags,listing,quanti,pompom,maid,soapy,feedings,crowdy,chiral,grosses,cak
700,jilting,spiders,fuser,lacquered,grata,ono,beetroot,libs,milling,confab,sociable,emitters
701,pings,quips,eel,tisane,quart,cruets,hatpin,eeches,linc,guerra,teaspoon,tzo
702,canister,whiffs,abuut,blackthorn,swab,sear,reducer,haifa,pintas,vvas,chiba,greyhound
703,grinner,lets,thira,ansel,hila,limed,fbi,cocoons,flexion,motile,pumpkin,flimsier
704,balling,nachos,airbag,mussels,upped,bake,partook,feasted,participated,allthe,ripest,lunchroom
705,serenade,acreage,takeout,vitriolic,kek,imp,buttered,dulling,macaroni,firesides,amigos,dopes
706,dessert,peyote,lifie,entrant,mussed,mitt,eta,quited,eclair,clinic,fluster,drink
707,atall,gaped,ono,signboard,pewits,pried,grail,tra,snooze,sayd,panty,chien
708,synch,thaler,forse,yuan,ghee,swipes,moose,sade,evening,sociability,meshing,hectare
709,guiltier,frorm,rewrote,broaches,sigma,reseed,mamas,mangoes,lummox,bever,washy,tepee
710,tipo,baps,horded,pucker,seep,raped,chers,fico,cones,lunching,swapped,evey
711,mashing,unmade,mucilage,rria,sling,see,faz,twol,anniversaries,pound,hiker,guts
712,draped,compounds,smudgy,sassy,zed,sag,wan,hornbill,lea,dined,saucers,florian
713,abour,unter,backin,carpet,anha,nu,ha,bater,grottos,canters,intension,sweetener
714,itsa,worths,partway,deliciously,lassos,milk,hydrostatic,quanti,flavor,tham,nerved,biennial
715,wheelie,tzar,serviette,wino,lemurs,vibes,bola,jug,quantify,bleated,quests,denotation
716,pillows,hbo,siestas,bagel,rifted,irks,dockets,pomegranate,ogether,satiating,simples,garnets
717,apiece,winnow,mno,hars,bloater,wares,voor,savor,mashes,totems,party,grog
718,porous,rapist,ashram,garnets,peice,prim,denim,anchovy,obtainer,mina,lamprey,methe
719,myrrh,ropers,mouldy,hoss,irma,wise,pekoe,lagers,dined,host,oik,boog
720,wombat,luge,griddle,wollen,flux,acall,tinh,maroons,chae,assesses,dedicating,pagodas
721,pavan,shallot,minuets,coal,melee,labs,tzar,forums,juiced,drinks,agave,parked
722,saturated,suv,thirteens,chinese,wadi,hob,rinse,giblets,breakfasted,entertainments,friends,auditorium
723,plink,abuut,sharked,bidets,remade,pleb,injections,genere,ivf,whichis,oranges,stallholders
724,entwines,spoof,sodas,skink,weed,sodas,area,thatis,buntings,peta,teo,gorged
725,gulag,takings,latches,tapioca,seers,pep,sada,goosed,stinker,fraternities,airings,neiman
726,lhasa,standee,icked,aloe,movies,cannisters,dors,savior,tje,breeched,mua,molina
727,gettin,tissues,sowe,nots,pancake,mucha,midas,tipo,lens,tasting,tutelage,labors
728,custard,puede,jibing,biters,whiffing,use,warty,unce,themorning,pitchers,thewhole,pinter
729,abuts,theorise,dreamiest,appliance,sitar,wowed,mot,green,coon,toutes,forhis,dishes
730,nuttier,tensor,staved,dada,redact,betas,dried,indica,inhere,siesta,toffs,dinger
731,equates,handiest,taboos,filigree,egg,base,potions,spoons,bols,ishould,quien,gazebo
732,snot,dandled,glans,copperplate,gam,wien,puri,putted,adjourns,persors,riends,spacer
733,shaker,laik,sik,warrantee,dorm,bashes,bale,kwa,jitter,scuff,scissor,godd
734,revises,diya,sedation,caz,fea,leas,perked,fried,costar,muffin,yemen,preteens
735,entices,plops,hows,feal,ome,media,slicing,breakfasted,youngsters,wheresoever,peons,poinsettia
736,sega,gritting,tem,drapes,mat,wy,sissy,ivar,lndex,modernized,biscuits,gulp
737,scree,alam,stary,hirable,mace,yams,mod,jamaican,snack,recep,informal,presets
738,maven,etait,batte,luscious,fad,spices,plantain,inlay,hadi,ofits,lipase,melons
739,unadulterated,wieder,sorbet,agate,ira,wire,mined,goos,musicale,relishing,catsup,sirloin
740,adidas,merger,sneezed,oout,oily,alit,peso,yesterda,percents,orderd,tsure,tittie
741,jotted,liaising,dipping,oysters,knobs,meted,mo,caveats,lentil,eaters,aftef,nagle
742,hutches,repacked,vodka,didi,twat,midair,pubis,spittoons,zings,royally,orget,colonist
743,askant,sipping,hve,snuffs,topi,bast,veta,gofer,meeti,bonbon,defers,claque
744,flask,letup,lefl,dishes,bops,hotted,proofed,vetoes,childr,gats,patri,coupes
745,tarpaulin,skiing,ska,sniff,ins,huh,trolls,companionable,botheration,slopped,nach,candelabra
746,bitched,angora,carpel,partook,sudan,wass,maven,chae,lings,fourpenny,gathering,shouldhave
747,armen,yoshi,ahs,unsorted,whut,rims,toasted,scoop,lemi,participates,maintainer,slithering
748,waning,hoovered,hashed,radishes,seis,mews,bilked,tercet,ishi,rajas,immoderate,cabo
749,peelers,hokum,reminisce,plumbs,opium,sepia,amp,sly,sacramental,tiptoes,largish,cantons
750,silicate,swatted,sega,rhen,wow,ima,stet,teeing,forgone,aspens,bellied,meddles
751,wryly,plasmas,guid,banknote,teo,amiss,tent,soapy,hornbill,hiking,romancing,chive
752,motels,tahiti,noing,mucilage,fetus,nosed,um,ducky,cater,wittles,brewton,biscuits
753,bump,kiev,glaze,comsat,wombs,eats,faired,andwe,cud,ridded,stoning,piglet
754,prunes,silt,booklets,pisto,rasher,mask,popper,memes,unrolling,nerved,candelabras,gruel
755,pontine,flasks,withn,cowslip,tangs,limpets,inane,chided,hels,asmall,gadding,fibers
756,soiree,airlock,supra,wholesale,wog,rah,irate,okes,mousing,midday,isold,sociable
757,nood,lemonade,celery,tripods,teepee,tit,minas,persors,sago,brandied,letterman,damsels
758,roasters,slowing,thees,sconces,gonna,ime,iwas,gags,addiction,neapolitans,oclock,maes
759,loused,plage,lobbed,pentium,lunch,tamarinds,sede,tiry,kirkland,realy,perce,hostelry
760,chapeau,tacos,tempos,veg,sett,slag,titer,rectifier,yips,tamping,socia,saiy
761,dunked,tsarist,dressy,moshe,bah,woke,isold,confectionary,aud,fibers,neto,quaffed
762,lefts,epics,braless,candies,muk,dos,tas,pak,curdled,delimit,aspecial,lemmings
763,dairyman,pennyworth,fillets,eerily,inners,dominos,pigment,overage,biked,provision,celeb,gaing
764,fluting,egon,intoning,oodles,esas,odor,stoup,sieved,cluck,automata,sence,casserole
765,handier,eles,wirth,luk,malt,slue,winced,feelers,adults,fliers,tankers,salads
766,caging,retailing,instable,sunflower,edibles,mast,tica,gelling,separated,earthen,pineapple,negate
767,teaspoonful,collagen,ecto,maggots,ike,meals,rina,bustled,hila,salad,theodolite,cind
768,heis,coattails,photo,kernels,loess,wo,boa,urdu,orderto,tureen,nudity,banco
769,sublimate,vitriolic,omelets,nuff,peat,seas,lam,thugs,flaxseed,overage,slice,stewing
770,oniony,sieve,ricotta,porker,okra,boobies,unevenly,hypo,nitely,prats,ypur,sellouts
771,sniped,sedated,wede,tripe,mewled,wig,liquor,musky,minting,kolo,beguiling,stymie
772,testicle,sodding,stinking,caper,rancid,say,grafts,uncontaminated,preso,pundit,shills,cottonseed
773,heas,ouh,abets,flares,obits,wu,pimento,jived,comfy,unquestionably,mure,peanut
774,airway,furor,fucks,zen,cloyed,steak,hindus,scalpel,interval,tibial,theorem,orso
775,pisses,weevil,flier,cosmos,eaking,voraciously,ego,snags,forresters,quaffing,lttle,mainline
776,oldies,tempos,caulk,beeps,prawns,nib,tmy,inour,mouthful,dependants,cancan,spooned
777,gravy,ponders,youa,pokes,pancakes,amass,trine,popper,mands,reali,prattled,eisen
778,shaper,grits,pilfered,winless,swot,thie,skimmer,thirties,thenext,spoon,bumf,uncooked
779,elevens,brimstone,misdated,colleen,thans,wei,lemi,lobbed,effervescence,potently,luts,luncheons
780,marge,bov,brags,stoup,buttered,plow,kare,tabi,geodes,toppings,tego,bauble
781,plods,oedema,whisky,tapas,steak,lbe,kitties,nowin,tattled,harling,standby,waltzed
782,realists,riveter,holla,costal,kettle,ef,radios,sinuses,trillions,tutting,colonia,grilled
783,snu,lada,razors,preload,anal,sweaty,creamed,faras,tasted,venti,trillion,tweety
784,lubber,sawa,decanting,huger,contras,wed,patently,dusting,aroma,hhe,columbian,babi
785,caveats,thalamus,smashes,foon,saucers,mans,mah,homemade,tower,oflife,nico,eatir
786,tobaccos,nandi,isna,bowie,tech,platters,tbe,cando,oclock,catsup,cher,pasties
787,dingy,ablate,crasher,input,plebs,aerie,amaze,tumbler,boxers,atthat,peanut,bagmen
788,careen,faeces,prissy,flavour,valo,chewed,clarified,untaxed,service,toured,elian,greeters
789,plebes,patenting,icu,copper,blur,twit,mixing,lala,oviedo,testis,ciders,scorner
790,wassail,molars,inflow,shure,siam,se,ahem,commencer,arrowroot,antithetical,calvados,asthe
791,hyoid,yeasty,leff,liro,goiter,wren,yen,sota,retested,lndies,steaks,cannisters
792,yaps,aerialist,dogwood,sweats,nu,end,isla,hooves,lndia,thriller,chives,debuts
793,piped,payload,isea,clots,pantie,mealy,admited,slar,strengh,qet,pintos,joyed
794,nare,smugly,footsie,purloin,asp,maser,egg,plantain,fico,flagon,biscuit,seeders
795,partway,savors,mammies,lusted,cad,ihr,hula,feasting,sandwich,theye,plucks,goodo
796,senna,imu,dryer,knife,yair,imps,quinces,cfo,ronnie,quantum,mallets,ices
797,flasher,sundae,terk,salaam,sonars,dais,cow,sitti,sacrament,crusts,andthey,catnip
798,tatto,premieres,funks,skittles,wien,rift,sila,bins,sweethearts,pickle,duing,belling
799,staged,vaulty,snobs,patter,mi,tibial,shiners,livres,tuis,guilder,beiges,salami
800,sixpenny,veined,boiled,hong,slopped,bakes,hum,acetate,fessing,imbibing,sugared,quaid
801,tastier,apiece,frays,pincushion,mos,prism,pruitt,gourds,haberdashers,chinos,dished,onhis
802,pinches,herded,starte,rhoades,erste,wink,minced,chino,poky,deniable,shouters,fiero
803,riveter,kids,lept,keh,sugars,swam,te,jested,ancillary,fragrant,pally,narking
804,marthe,fifa,ocked,salads,rasa,bap,mil,rockers,culotte,levine,procet,ovet
805,shorting,busiest,smarty,akita,lour,elk,wet,purred,irae,commodities,formidably,arun
806,stealer,stooling,yanks,bozos,squeezers,sweeten,amine,fedora,pipping,outcasts,legates,maoist
807,flagon,unwired,talker,valium,sass,whine,malt,riends,junks,sweetening,everv,coulees
808,kettle,beady,minces,bakers,wiliest,waft,louver,hellebore,jing,paiute,cak,sandwiched
809,platters,swishy,broth,bindle,vinegar,ripest,saunas,limbic,hace,patronises,slicing,manion
810,indoors,gegen,steams,sliced,refilling,moan,gedda,alby,decoction,zach,tibial,gato
811,lipase,didt,spools,hexes,loye,midget,molder,opaque,brunches,tempos,excommunicating,svu
812,dinettes,tika,miki,ate,crustaceous,bawl,myna,stewing,tlen,fecund,relays,poled
813,sadism,pecan,occultist,hardware,aromatics,equalized,goos,diluting,ilium,ductile,nring,tasters
814,whittles,ricking,handsaw,chicks,gibe,shad,fee,karat,coffers,seductions,haiku,jace
815,magnets,utes,bop,crayons,spoons,dorm,seei,sleighing,carrera,sprinkles,bravos,hoopla
816,splice,titra,rifting,pokers,sherri,vat,ave,lorena,cono,cueing,methought,overripe
817,orian,nobs,darlings,botter,kelp,seder,acetate,cramming,tast,bread,puf,enjo
818,antiwar,crams,unwrapped,yars,bre,peeler,gobble,wallies,witte,teatime,canister,caed
819,mase,finked,lttle,churning,ser,wimp,dow,treat,doped,duing,tica,moaners
820,shinier,imago,dropper,axl,slue,wank,turmeric,aml,basted,musica,flounced,cantatas
821,lked,splice,carousing,hix,yen,mash,gulped,cueing,qie,vintner,tropes,jogs
822,blether,shyest,oreven,succulent,hen,chamomile,esme,eeing,mementos,winces,movies,beekeeping
823,pocky,crusts,agate,hande,rut,hue,apple,service,teal,refresher,praxis,trini
824,ropey,oohing,drupe,splints,molded,frees,donc,franch,outlier,virtuosi,befoe,girly
825,unk,huit,silica,chino,rho,snob,mete,drink,icey,subsequently,grader,servir
826,spoof,occultist,guanine,nickel,whiner,hawed,totems,indira,overage,slue,dispersing,benford
827,leaking,littlest,diest,baked,whil,gobs,abre,yves,mentos,weve,uncooked,savior
828,teetered,guying,valises,sips,aspens,dimmed,toa,zaire,doit,llene,mochas,honored
829,svelte,soppy,toehold,midget,fie,suer,gry,wholesome,phon,really,hominy,ennio
830,sedge,cleaners,click,pattern,ads,rad,mates,relishes,anl,luncheons,snooze,lollipops
831,veining,chillier,chani,boiled,slices,nay,wain,reel,danton,gauls,crip,urself
832,mixer,smokers,sloe,fermer,presets,petered,saran,coffi,invitation,doesnot,gup,carnivals
833,ribbed,spooled,lumens,bottle,blip,tare,mast,taupe,rumpus,cocktails,spae,vinegary
834,luxuriously,usar,bladders,hiked,jat,gabs,juicy,pentium,pocke,revelries,anteroom,bonbons
835,blabs,flatbed,heas,sausage,orb,sweetening,skeins,formulae,festivity,esteems,sip,christmastime
836,defs,atnight,amniotic,liquids,sista,tag,wen,genital,sevenfold,entwines,retaking,bures
837,brawls,pinafore,aerate,gla,slaw,yen,ais,leaye,ibises,feedings,itsa,successfu
838,qatar,lotuses,roosted,furi,sassy,pastille,nioi,ta,pisto,adulterating,distribution,gumbo
839,bidet,shue,pecks,crockery,rah,wale,loupe,tao,arenot,tinh,interf,refection
840,shiver,larvae,serpens,tart,repet,demi,runi,cornucopia,jibe,testable,slimmed,ofhe
841,machu,codfish,raptors,chicken,titler,cheese,brae,brat,nabobs,canister,tsai,getout
842,roamers,kisser,dripping,turps,jived,yee,dialer,softie,snag,exclusives,lugar,eenie
843,vesper,aircrew,chocolate,halt,aiwa,ile,fermer,feathering,consuming,convection,cassava,genoese
844,deeps,irae,talus,valo,aim,wake,bex,swats,cranberry,ebout,whre,prorated
845,sourly,dragger,dusting,refiners,vim,previews,soaks,calculators,gratuitously,hete,peelings,hairiest
846,immersion,teasers,ioniser,peony,stewing,eked,asli,thiis,uther,bun,ware,davos
847,toreros,canters,aortic,devilled,dump,meese,distal,paar,scrod,dropper,horseflesh,eclectic
848,bora,foolery,hamper,sega,drink,tow,lees,atour,regale,considerately,nearthe,runi
849,bookies,restates,hulked,theres,whine,suet,decoction,scaley,garage,lemonade,iced,swills
850,switch,endpoint,luxuriously,phial,ming,vim,dyad,quant,fixe,skills,wse,duffs
851,sibling,drool,kappa,covens,oen,merl,hefted,scit,roasting,plantations,alowed,ware
852,cohere,shoeless,units,blackish,cattail,prod,biking,leavened,attar,stockholders,leasure,perigee
853,horsy,sawmill,catalog,gyre,tidbit,flagons,steeping,wine,inducting,biscuit,fairing,lithium
854,sagar,coursed,iive,rummaged,eats,mote,panned,orestes,quests,inanities,scoot,bringin
855,augusto,ahem,sugared,oort,ohm,pot,pran,halving,pukes,holydays,center,collator
856,alluvial,degas,jae,ser,ovoid,add,emir,boyar,slotted,famille,ponts,christening
857,firel,smelters,cochineal,crams,retie,shellfish,lag,hecause,therei,grudges,patronized,confabulation
858,avner,derm,manatee,othes,binned,oak,tellies,thevery,mission,landers,solana,recliner
859,axles,aperitif,weevils,broth,laik,labia,soar,thisl,organize,seance,toothy,bongo
860,meager,boomed,scrubbing,potatoes,adai,edibles,honing,austral,supra,buti,abuut,veep
861,gateau,rasa,townie,guilts,imago,rehab,blob,melting,raisin,dwindles,oblation,template
862,cycle,andirons,tippers,crout,isold,wilt,arlo,banknote,ayo,thin,minal,osage
863,quieter,celery,pronged,hiker,homemade,nadia,leafs,codgers,afoul,werethe,whetted,smoked
864,lipped,giraffe,leo,tipo,pone,aed,rah,pent,muffins,habituate,withthe,bouillon
865,hater,smokes,redacting,spook,raiser,ee,fobs,scone,lerner,haing,jorge,concocts
866,raspberry,perked,mushrooms,jived,yaw,tan,cag,cartloads,wisdoms,teenth,steeping,wlhen
867,asocial,tykes,pintas,siesta,rowans,spat,piss,fission,five,corporator,convection,purvey
868,nje,totty,hurtles,bikes,aphid,lemma,trots,leaded,tampers,queers,condoling,duing
869,rasing,nipper,sax,raddish,irked,meads,fruit,careen,candlewick,homages,guzzling,bonbon
870,minnows,auri,minut,retailing,jugs,doss,balsa,teachers,militias,relish,coalitions,retried
871,tamarinds,thier,fallout,poppies,haggis,twisty,una,refilled,fiinds,ventre,folks,dolo
872,jasmine,contours,possums,libations,tart,melba,im,rumpus,eval,bonos,fiero,helots
873,basal,leftist,goofs,preens,pliers,gem,nips,winkles,wedding,chamomile,gasses,playas
874,swooned,mealtime,someday,multiple,inger,ipecac,pessary,brix,lnquiry,apish,broiled,shui
875,umpteen,yahoo,dozed,cattail,tam,althea,ally,arman,japans,cheesemongers,lackeys,chiseler
876,sama,polisher,downl,soti,morphine,sob,gom,phelps,lnteresting,caulk,diversify,iana
877,packhorse,mangoes,ipecac,mailers,clamming,ethos,gamer,usual,voie,methodically,alleles,gak
878,elka,bloats,tiry,wineglass,cot,pie,ofwhich,simmering,snipped,dusts,someday,thrid
879,annus,dulling,oour,ivory,yam,brat,wafting,pud,saudi,moniker,theold,altair
880,mais,erases,orval,pomegranates,kao,anew,nickle,minnows,triage,certs,softie,sweetmeats
881,rackets,entra,mouthful,fello,lwas,seek,loaves,collet,flapper,candlewick,flouncing,savvier
882,athos,wolfing,tez,vors,snarled,silt,flex,tek,ultras,snuff,pigtail,zooms
883,homers,weaselly,owlets,liqueurs,alleles,afar,sine,macho,lunching,forit,gusset,bracer
884,deflect,arousal,sware,vez,articles,duds,platters,mollified,wop,feasted,avere,fermented
885,howled,decades,pinging,tinian,leat,wired,sched,gristle,services,donuts,buthe,whisks
886,daze,chatting,ioke,geiger,zey,slew,tilde,custom,wine,youg,swanning,nightie
887,touting,pubes,amphora,pomegranate,pish,seabed,remit,consumable,restricts,proprietory,compos,guu
888,blog,opa,caddy,tousle,maar,odd,quaver,artificially,reposition,pieman,overa,reining
889,smokes,stoli,alloying,rebate,im,tke,bolus,cooperated,assaying,tavern,breat,riffles
890,lanolin,stutters,mopping,icicle,podia,gripes,craps,roasting,quantum,mota,intothe,mayonnaise
891,fermented,bome,inc,towel,jive,disks,tabs,lhad,sunt,macdougal,chambermaids,promenading
892,pua,tidbits,slipper,crunch,patios,ow,unshed,wayi,isao,ofthese,disce,captions
893,stooge,visors,aviator,hamper,novena,sodded,meng,party,treasuries,voraciously,journe,toke
894,inhere,astral,steaks,finde,plat,seethe,pavan,togas,seabed,sugary,malty,vors
895,deplete,pues,beatles,amout,castors,soh,myrna,nelle,onde,retal,eclair,hasbeen
896,holing,drupe,thse,tmy,baps,edible,lied,requites,couture,raffling,buffoons,snowballing
897,reck,dialing,kaiser,tattling,paean,chop,voraciously,einen,ammeter,dowsing,naivete,snaked
898,sacking,slyer,doused,savants,talky,haws,pro,grid,feasts,leaf,curds,clucks
899,deon,doubter,sponges,ant,readv,mara,baco,talen,soin,sorties,vigi,wlhere
900,diaper,proofed,mugs,toothpick,oohing,pubes,bali,titbits,ofher,juana,theif,stints
901,coalman,tapirs,digo,stabler,mired,tao,tast,systematized,offs,herc,hunk,ieast
902,dietitian,perking,gutless,prepaid,ti,messed,tete,copping,emitter,outdoes,uninvited,memy
903,lingers,cutely,willowy,wooly,quark,trim,buttermilk,shuld,homages,ushering,pelmet,platters
904,container,biddies,gabor,balsam,haw,sloths,candied,beetroot,bulla,oldies,meeker,dishpan
905,jist,eino,futons,mixer,ware,tut,untie,frays,hospitality,resilient,photon,indices
906,rapiers,scums,twe,cardiac,berets,stew,maenad,locating,liquor,cottony,egging,arsenio
907,dotting,samba,flirty,jace,ltem,gravy,mewl,embroider,brimming,bouche,seing,twirling
908,grinds,ngo,shoulde,diluted,shays,prawn,wi,preso,ensnaring,hating,schoolrooms,mecha
909,coverlet,julep,deafer,sealer,finks,oiled,belling,bhi,atms,nual,palmers,nope
910,lassos,tartlets,mugged,wiat,dads,bops,autos,apu,tylers,pirouette,couriers,yowling
911,termite,molests,rousted,eeding,dozer,hal,peon,habituate,clinics,montes,naan,throuah
912,cluster,basics,escalate,unbleached,altars,seamy,fuser,luch,communions,akita,outrider,mateo
913,latina,yasuo,prisioner,eating,peddles,nuff,wu,nerved,dance,pertinence,fops,soleil
914,infos,twister,skewers,grubber,tiepin,mini,waked,lobster,givers,bustled,reunion,hided
915,veth,horsy,agood,wholes,tab,eased,imaged,nue,dovetailed,scoot,twoo,riight
916,sniff,twisty,figur,poul,yeast,beak,ato,scence,tannic,rationale,frise,breaki
917,unix,whatnot,drinker,wint,amp,impolite,peepers,cranky,sizeable,mementos,hust,intercessions
918,rosie,sixties,shiro,pimento,mimeo,wart,listed,engler,chine,espouses,shiite,confections
919,bloat,earwig,experts,molasses,alai,lobbed,numeral,widget,nuclei,cheese,alloyed,cladding
920,forting,wahine,knoe,bandana,rehab,mold,flacks,fthe,thei,vient,planked,akio
921,zeds,ripest,slumlord,congo,eig,ups,bum,colluded,faders,blunts,milliard,eroding
922,eather,sassed,tumbrel,banyan,nutters,brae,lad,whiff,christman,pice,reexamination,chalet
923,hella,lupine,bismuth,yould,mote,cranberries,glom,bourgeoise,haggis,thina,mandy,regaling
924,parolee,feces,distills,leaching,vegetables,peed,foto,ante,thia,serenades,mutant,halving
925,formals,turfed,breaki,laudanum,glue,melded,caches,pureness,bullring,lib,twol,widout
926,agos,chav,sepsis,hnow,irk,manna,raffia,preload,ighty,ortho,mank,libations
927,preens,interf,seaters,atlee,mandy,trier,rehab,tiaras,midday,patil,presenta,reassembling
928,bawled,tweet,defiler,armen,meto,wand,banana,morphine,turps,hash,griffon,clueing
929,falter,roosted,transposed,pide,khi,weems,brined,prett,lare,japans,glider,oday
930,peerless,snorts,aboit,ralf,bake,plasm,mooing,hummed,chartreuse,distributing,gots,tarnishing
931,drinks,leveler,pouted,quintupled,pga,ho,wasat,handler,witl,customarily,snuggle,merlin
932,doper,kinks,forearms,meeks,oodles,beeps,cooler,retrained,comit,rasher,tmy,cetera
933,galahad,likei,waddling,ooking,hak,elks,tweet,marbled,musthave,aftef,thun,doner
934,briskets,upturn,mil,anchovy,thew,wield,theta,ifferent,halt,spume,flirty,cleen
935,croons,toasted,mixer,spanned,yaps,hos,bee,hads,sconces,sortie,menses,leaguer
936,eatin,tasted,hellfire,ampere,alles,dams,nee,raisin,whiling,cosy,beverages,sugarless
937,depos,carmine,leer,whaled,sert,bikes,spittoons,mache,dicing,squaws,tango,anni
938,halla,motels,topside,minuses,beaky,preen,kappa,confab,panties,approximation,mayday,frequenter
939,icicles,airline,speller,drinker,bigs,sausage,pistachio,tna,hoaxes,veiny,freq,pepsi
940,ldeas,sissies,maraca,tavo,els,rade,els,condiments,heli,gere,romps,breads
941,bobs,campy,smooths,slyly,predate,papaw,malted,airmen,levees,jags,fille,compaction
942,flavin,pertained,dishing,isold,sead,tenet,iman,digits,inand,cater,sauterne,myrrh
943,kak,obsess,luge,breakfasts,kit,fad,whre,adulterated,butte,bustles,petr,fondue
944,quat,lshii,reusing,corolla,era,bass,oda,gadfly,nixed,venturers,dand,repacked
945,grills,pilfer,quartz,teaspoonful,unworn,stewed,kiwi,shivery,monstre,heree,ordinaries,tummies
946,ceramic,aweek,cocoanut,julep,mad,bait,yum,sappy,jind,giver,dicing,estes
947,flasks,aniseed,tuer,shoring,comer,plantains,roz,frothed,lara,interchanges,giallo,bountiful
948,cliche,papaw,cornmeal,dialer,tallow,perked,vapor,largess,mixing,thisis,pawnee,wohl
949,jibs,bleh,smal,batu,waiters,spunk,gismo,praxis,bited,lemurs,helpers,sonts
950,iraqi,verst,ladle,zeds,peur,newel,malawi,ofits,festa,molasses,brooke,lnquiry
951,sneaky,sludge,spice,percentage,inure,bang,robot,enim,marit,thors,puro,treaded
952,outn,sulked,caf,uncleared,catties,erase,veer,fiero,manioc,befoe,willl,preheated
953,imelda,cycles,stooling,ringed,tor,lest,spay,laddered,relented,decimation,sustainer,steles
954,duller,rearming,cheerier,id,faddle,halved,hales,cafes,nual,legato,caricatured,peanuts
955,drinkers,sosa,tel,cans,baked,oa,sture,sectary,pawnee,doused,molester,pancake
956,slalom,lulling,tagged,popper,reran,mo,peed,snipped,nomen,derides,tosh,aboit
957,twenties,regrew,fishy,paye,godd,knead,loam,rockwell,officiously,shere,elles,residency
958,tipster,gik,housemen,primps,wnite,blab,beefsteak,nicked,gingerbread,stereotype,dowries,welders
959,gruel,neighed,carafe,ohd,wheelie,muss,retty,preowned,growths,vois,lound,dork
960,cosine,windom,computes,sopped,regs,ern,wimp,negress,recreating,jacque,diced,chees
961,gusty,thereabout,ahm,romping,decanter,einem,doir,tartly,reassembled,elevating,bread,arranges
962,atomised,moseyed,fasted,conners,sven,ind,inset,mistimed,hyperion,bespoken,eschewing,anniversaries
963,otro,widget,copra,hops,shags,ora,warrantee,gullible,kiddy,mission,lemurs,favors
964,looki,defilers,chervil,plenteous,pistachio,omelets,awe,enmesh,gali,eulogized,serenaded,andrei
965,keri,blared,errands,tuners,cocoa,spirt,oast,faders,envies,wherea,gofer,ramses
966,vermilion,comfiest,mammals,biking,promos,wwii,finks,tankers,keeling,swimmingly,panders,iban
967,diodes,flirts,decades,cdo,indium,eines,ad,lint,thrived,bundy,tonally,pikers
968,liqueur,smothers,bilked,loafer,aed,pada,neese,vorn,deuces,negros,sips,cockfight
969,koalas,mendes,skiing,crates,arse,dumplings,cocos,skulks,wouldnot,whish,gamey,kiloton
970,apnea,lma,lifel,straig,dab,coma,gao,buttered,togas,witout,gues,ventre
971,conserve,helmut,bikers,skeins,win,din,baler,oodles,aswell,rotc,upl,wifes
972,bombed,staved,sacco,taproom,crites,mammy,entrain,filkins,chaw,theree,mera,soval
973,cabs,insiders,togs,ufo,dna,eons,anout,awl,thanksgivings,crowdy,polis,calabash
974,lking,annotated,tankard,ritz,molds,swot,bre,virtuoso,caches,jog,pocks,genres
975,undid,abot,slyer,orget,wad,gruel,uther,filings,thug,mayl,overcharge,cups
976,reliant,bustles,pucker,pennies,scented,iles,wail,militias,readings,rapper,couture,elitists
977,donk,rhenium,buttle,tippler,twit,sham,drugged,pound,tripods,complainers,layette,microns
978,idem,haricot,cag,dres,eer,pots,wad,flaking,autumns,jeg,theye,souchong
979,xmas,eliminate,opa,patently,nitwit,geodes,hiked,icons,insipid,overstock,sulked,hala
980,ulverston,petalled,toppers,aider,math,betimes,abou,ate,walloping,nectarine,gratuitously,clemen
981,minimums,redraw,depilatory,isno,vitti,podium,oily,seabed,spout,brew,lndies,earthen
982,gators,omo,beepers,flore,cocoon,waked,boiled,movies,kath,ofwhich,succulent,comme
983,funnier,locator,abou,winery,figh,pets,keying,stoics,breakfasting,backside,instilling,haversacks
984,doot,lipids,spangle,inoue,heist,helms,tex,thefe,fete,atall,themi,craps
985,solver,chessmen,amps,mesons,vibes,beaky,ebout,mascot,shiners,tweeting,ensigns,quads
986,poro,reclusive,upload,lifters,prodded,rib,spin,prostate,sting,pocketing,rhis,impale
987,gridiron,aim,covalent,soren,walloping,wenches,om,journe,nursey,lamina,pot,crimping
988,coffeepot,twilit,sevens,jak,goblets,elf,mul,potties,quintet,largish,freon,grabber
989,sopped,actives,ashcan,runi,maw,yeast,shouldst,pennyworth,sweepstake,ante,ratifies,reget
990,fugue,plein,diluted,breaths,cuddle,metal,yips,caterer,martian,yars,skittles,potatos
991,cleave,heavies,favi,umm,thaw,dhows,timmons,puta,puo,ablution,aone,elses
992,refreshment,popper,knead,kota,whirs,opium,abseil,marquee,adulterating,clairs,podium,elitism
993,chipped,theye,coshed,capsule,exudes,maths,contrail,linds,piker,morsels,coyness,piddling
994,utensil,furi,missives,groper,crap,peppy,twoo,tonnes,yielding,mache,sento,mango
995,hak,undiluted,frothing,mua,fogy,dyad,stilly,fermer,reunion,tne,wany,urns
996,jeb,carousing,whiffing,gilt,tepees,gonad,acall,lumbered,nue,independant,prong,gulps
997,diatoms,taxi,ome,peignoir,bogies,boo,sow,ripens,rader,consoles,peppe,presenta
998,flatbed,swirls,deafen,peppy,rinses,tapas,pot,primps,suffices,lapdog,trafficking,sunnier
999,twitter,walkout,krauss,darter,vui,mite,meal,peking,fib,restaurateurs,alack,ingest
1000,einer,deflection,walkout,chops,hag,smog,uncleared,roping,carre,extruded,towelling,tweaks
